Name,MP2015,County Area,Electorate2015,CON2015,LAB2015,LIB2015,UKIP2015,Green2015,NAT2015,MIN2015,OTH2015,MP2010,Electorate2010,CON2010,LAB2010,LIB2010,UKIP2010,Green2010,NAT2010,MIN2010,OTH2010
Aldershot,Gerald Howarth,Hampshire,72434,23369,8468,4076,8253,2025,0,0,0,Gerald Howarth,71469,21203,5489,15617,2041,0,0,0,1034
Aldridge-Brownhills,Wendy Morton,Black Country,60215,20558,8835,1330,7751,826,0,0,197,Richard Shepherd,59355,22913,7647,6833,0,847,0,0,394
Altrincham and Sale West,Graham Brady,Central Manchester,72004,26771,13481,4235,4047,1983,0,0,0,Graham Brady,71254,24176,11073,12581,1563,0,0,0,0
Amber Valley,Nigel Mills,Derbyshire,70226,20106,15901,1360,7263,1087,0,0,0,Nigel Mills,70171,17746,17210,6636,906,0,0,3195,265
Arundel and South Downs,Nick Herbert,West Sussex,77272,34331,6324,4062,8154,3606,0,0,0,Nick Herbert,77564,32333,4835,15642,3172,0,0,0,0
Ashfield,Gloria de Piero,Nottinghamshire,77126,10628,19448,7030,10150,0,0,0,153,Gloria de Piero,77379,10698,16239,16047,933,0,0,2781,1498
Ashford,Damian Green,Kent,85189,30094,10580,3433,10798,2467,0,0,0,Damian Green,81269,29878,9204,12581,2508,1014,0,0,0
Ashton under Lyne,Angela Rayner,Eastern Manchester,67714,8610,19366,943,8468,1531,0,0,0,David Heyes,67564,9510,18604,5703,1686,0,0,2929,0
Aylesbury,David Lidington,Buckinghamshire,80611,28083,8391,5885,10925,2135,0,0,0,David Lidington,77934,27736,6695,15118,3613,0,0,0,0
Banbury,Victoria Prentis,Oxfordshire,86420,30749,12354,3440,8050,2686,0,0,729,Tony Baldry,86986,29703,10773,11476,2806,959,0,0,524
Barking,Margaret Hodge,Barking and Dagenham,74004,7019,24826,562,9554,879,0,0,183,Margaret Hodge,73864,8073,24628,3719,1300,317,0,6620,686
Barnsley Central,Dan Jarvis,South Yorkshire,64534,5485,20376,770,7941,938,0,573,477,Eric Illsley,65543,6388,17487,6394,1727,0,0,3307,1698
Barnsley East,Michael Dugher,South Yorkshire,69135,5622,21079,1217,9045,0,0,647,907,Michael Dugher,68435,6329,18059,6969,1731,0,0,3301,1997
Barrow and Furness,John Woodcock,Cumbria,68338,17525,18320,1169,5070,1061,0,0,130,John Woodcock,68758,16018,21226,4424,841,530,0,0,1085
Basildon and Billericay,John Baron,Essex,68459,22668,10186,1636,8538,0,0,0,0,John Baron,65482,21922,9584,6538,1591,0,0,1934,0
Basildon South and East Thurrock,Stephen Metcalfe,Essex,73210,19788,11493,1356,12097,0,0,0,859,Stephen Metcalfe,71815,19624,13852,5977,2639,0,0,0,2643
Basingstoke,Maria Miller,Hampshire,79662,25769,14706,3919,8290,0,0,0,392,Maria Miller,75470,25590,10327,12414,2076,0,0,0,247
Bassetlaw,John Mann,Nottinghamshire,77480,15122,23965,1331,7865,1006,0,0,0,John Mann,76542,16803,25018,5570,1779,0,0,0,407
Bath,Ben Howlett,Bristol area,60869,17833,6216,14000,2922,5634,0,0,562,Don Foster,65603,14768,3251,26651,890,1120,0,0,406
Batley and Spen,Jo Cox,West Yorkshire,78373,15769,21826,2396,9080,1232,0,0,176,Mike Wood,76732,17159,21565,8095,0,605,0,3685,0
Battersea,Jane Ellison,Wandsworth,76106,26730,18792,2241,1586,1682,0,0,0,Jane Ellison,74300,23103,17126,7176,505,559,0,0,323
Beaconsfield,Dominic Grieve,Buckinghamshire,76380,33621,6074,3927,7310,2231,0,0,0,Dominic Grieve,74982,32053,6135,10271,2597,768,0,0,666
Beckenham,Bob Stewart,Bromley,67436,27955,9484,3378,6108,1878,0,0,0,Bob Stewart,66219,27597,6893,9813,1551,608,0,0,1224
Bedford,Richard Fuller,Bedfordshire,69311,19625,18528,1958,4434,1412,0,0,129,Richard Fuller,68491,17546,16193,8957,1136,393,0,0,877
Bedfordshire Mid,Nadine Dorries,Bedfordshire,81144,32544,9217,4193,8966,2462,0,0,678,Nadine Dorries,76023,28815,8108,13663,2826,773,0,0,712
Bedfordshire North East,Alistair Burt,Bedfordshire,83551,34891,9247,3418,8579,2537,0,0,0,Alistair Burt,78060,30989,8957,12047,2294,0,0,0,1265
Bedfordshire South West,Andrew Selous,Bedfordshire,79664,28212,10399,2646,7941,2106,0,0,0,Andrew Selous,76559,26815,9948,10166,2142,0,0,0,1703
Bermondsey and Old Southwark,Neil Coyle,Southwark,80604,6051,22146,17657,3254,2023,0,0,293,Simon Hughes,77623,7638,13060,21590,0,718,0,0,1645
Berwick-upon-Tweed,Anne-Marie Trevelyan,Northumberland,58098,16603,6042,11689,4513,1488,0,0,88,Alan Beith,57403,14116,5061,16806,1243,0,0,0,1213
Bethnal Green and Bow,Rushanara Ali,Tower Hamlets,82825,8070,32387,2395,3219,4906,0,0,1947,Rushanara Ali,81243,7071,21784,10210,0,856,0,8532,2275
Beverley and Holderness,Graham Stuart,Humber area,80822,25363,13160,2900,8794,1802,0,0,658,Graham Stuart,79611,25063,11224,12076,1845,686,0,2080,225
Bexhill and Battle,Huw Merriman,East Sussex,78796,30245,7797,4199,10170,2807,0,0,0,Greg Barker,79208,28147,6524,15267,0,0,0,2699,1950
Bexleyheath and Crayford,David Evennett,Bexley,64828,20643,11451,1308,9182,950,0,0,151,David Evennett,64985,21794,11450,5502,1557,371,0,0,2508
Birkenhead,Frank Field,Merseyside,62438,5816,26468,1396,3838,1626,0,0,0,Frank Field,62773,6687,22082,6554,0,0,0,0,0
Birmingham Edgbaston,Gisela Stuart,Birmingham,65591,15812,18518,1184,4154,1371,0,0,254,Gisela Stuart,68573,15620,16894,6387,732,469,0,0,1469
Birmingham Erdington,Jack Dromey,Birmingham,65128,10695,15824,965,6040,948,0,0,212,Jack Dromey,66405,11592,14869,5742,842,0,0,0,2501
Birmingham Hall Green,Roger Godsiff,Birmingham,76330,8329,28147,5459,2131,2200,0,0,780,Roger Godsiff,76580,7320,16039,11988,950,0,0,12240,190
Birmingham Hodge Hill,Liam Byrne,Birmingham,75302,4707,28069,2624,4651,835,0,0,153,Liam Byrne,75040,4936,22077,11775,714,0,0,0,2970
Birmingham Ladywood,Shabana Mahmood,Birmingham,68128,4576,26444,1374,1805,1501,0,0,216,Shabana Mahmood,73646,4277,19950,9845,902,859,0,0,0
Birmingham Northfield,Richard Burden,Birmingham,71428,15164,17673,1349,7106,1169,0,0,0,Richard Burden,71338,14059,16841,6550,1363,406,0,0,2595
Birmingham Perry Barr,Khalid Mahmood,Birmingham,69943,8869,23697,2001,5032,1330,0,0,331,Khalid Mahmood,71304,8960,21142,9234,1675,0,0,0,1034
Birmingham Selly Oak,Stephen McCabe,Birmingham,75092,13137,21584,2517,5755,2301,0,0,0,Stephen McCabe,74805,14468,17950,10371,1131,664,0,0,1979
Birmingham Yardley,Jess Phillips,Birmingham,72146,5760,17129,10534,6637,698,0,0,393,John Hemming,72321,7836,13160,16162,1190,0,0,0,2502
Bishop Auckland,Helen Goodman,Durham,66089,12799,16307,1723,7015,1545,0,0,0,Helen Goodman,68370,10805,16023,9189,1119,0,0,0,4000
Blackburn,Kate Hollern,Lancashire,73265,12002,24762,955,6280,0,0,0,0,Jack Straw,72331,11895,21751,6918,942,0,0,0,3993
Blackley and Broughton,Graham Stringer,Central Manchester,71900,5581,22982,874,6108,1567,0,0,0,Graham Stringer,69489,6260,18563,4861,894,0,0,0,3626
Blackpool North and Cleveleys,Paul Maynard,Lancashire,62469,17508,14168,948,5823,889,0,0,57,Paul Maynard,65888,16964,14814,5400,1659,0,0,0,1754
Blackpool South,Gordon Marsden,Lancashire,57411,10963,13548,743,5613,841,0,0,728,Gordon Marsden,63025,12597,14449,5082,1352,0,0,0,1712
Blaydon,David Anderson,Newcastle area,67706,7838,22090,5497,7863,1648,0,0,0,David Anderson,67808,7159,22297,13180,0,0,0,0,2277
Blyth Valley,Ronnie Campbell,Northumberland,63958,8346,17813,2265,8584,1453,0,0,0,Ronnie Campbell,64263,6412,17156,10488,1665,0,0,0,2845
Bognor Regis and Littlehampton,Nick Gibb,West Sussex,73095,24185,6508,4240,10241,1942,0,0,0,Nick Gibb,70812,24087,6580,11024,3036,0,0,0,2125
Bolsover,Dennis Skinner,Derbyshire,71976,10764,22542,1464,9228,0,0,0,0,Dennis Skinner,72766,10812,21994,6821,1721,0,0,0,2640
Bolton North East,David Crausby,Western Manchester,67901,14164,18541,1236,8117,1103,0,0,0,David Crausby,67281,15786,19870,5624,1815,0,0,0,182
Bolton South East,Yasmin Qureshi,Western Manchester,69692,8289,20555,1072,9627,1200,0,0,0,Yasmin Qureshi,69928,10148,18782,6289,1564,614,0,0,2207
Bolton West,Chris Green,Western Manchester,72727,19744,18943,1947,7428,0,0,0,530,Julie Hilling,71250,18235,18327,8177,1901,545,0,0,391
Bootle,Peter Dowd,Merseyside,70137,3639,33619,978,4915,1501,0,0,500,Joe Benton,71426,3678,27426,6245,2514,0,0,0,1414
Boston and Skegness,Matt Warman,Lincolnshire,67834,18981,7142,1015,14645,800,0,0,756,Mark Simmonds,70529,21325,8899,6371,4081,0,0,0,2449
Bosworth,David Tredinnick,Leicestershire,79742,22939,9354,11951,9338,0,0,0,0,David Tredinnick,77296,23132,8674,18100,1098,0,0,0,3270
Bournemouth East,Tobias Ellwood,Dorset,71956,22060,7448,3752,7401,3263,0,0,903,Tobias Ellwood,71125,21320,5836,13592,3027,0,0,0,249
Bournemouth West,Conor Burns,Dorset,72082,20155,7386,3281,7745,3107,0,0,99,Conor Burns,71753,18808,6171,13225,2999,0,0,0,456
Bracknell,Phillip Lee,Berkshire,78131,29606,8956,3983,8339,2202,0,0,0,Phillip Lee,76885,27327,8755,11623,2297,825,0,0,1309
Bradford East,Imran Hussain,West Yorkshire,66123,4682,19312,12228,4103,871,0,0,210,David Ward,65116,10860,13272,13637,0,0,0,0,2688
Bradford South,Judith Cummins,West Yorkshire,63670,9878,16328,1094,9057,1243,0,0,0,Gerry Sutcliffe,63580,11060,15682,6948,1339,0,0,0,2966
Bradford West,Naseem Shah,West Yorkshire,63371,6160,19977,1173,3140,1085,0,8557,198,Marsha Singh,62519,12638,18401,4732,812,940,0,1370,1683
Braintree,James Cleverly,Essex,73557,27071,9296,2488,9461,1564,0,0,403,Brooks Newmark,71162,25901,9780,9247,2477,718,0,0,1080
Brent Central,Dawn Butler,Brent,77038,9567,29216,3937,1850,1912,0,0,550,Sarah Teather,74076,5067,18681,20026,0,668,0,0,881
Brent North,Barry Gardiner,Brent,82196,17517,28351,2607,2024,1539,0,0,197,Barry Gardiner,83896,16486,24514,8879,380,725,0,0,1314
Brentford and Isleworth,Ruth Cadbury,Hounslow,84557,24631,25096,2305,3203,2120,0,0,0,Mary Macleod,83546,20022,18064,12718,863,787,0,0,1311
Brentwood and Ongar,Eric Pickles,Essex,72461,30534,6492,4577,8724,1397,0,0,173,Eric Pickles,73224,28793,4992,11872,2037,584,0,0,2314
Bridgwater and West Somerset,Ian Liddell-Grainger,Somerset,80491,25020,9589,6765,10437,2636,0,0,0,Ian Liddell-Grainger,76560,24675,9332,15426,2604,859,0,0,1597
Brigg and Goole,Andrew Percy,Humber area,68486,22946,11770,764,6694,915,0,0,181,Andrew Percy,67345,19680,14533,6414,1749,0,0,0,1498
Brighton Kemptown,Simon Kirby,East Sussex,67858,18428,17738,1365,4446,3187,0,0,142,Simon Kirby,66017,16217,14889,7691,1384,2330,0,0,194
Brighton Pavilion,Caroline Lucas,East Sussex,76557,12448,14904,1525,2724,22871,0,0,204,Caroline Lucas,74004,12275,14986,7159,948,16238,0,0,228
Bristol East,Kerry McCarthy,Bristol area,71965,14168,18148,2689,7152,3827,0,0,229,Kerry McCarthy,69448,12749,16471,10993,1510,803,0,0,2491
Bristol North West,Charlotte Leslie,Bristol area,76626,22767,17823,3214,4889,2952,0,0,160,Charlotte Leslie,73469,19115,13059,15841,1175,511,0,0,635
Bristol South,Karin Smyth,Bristol area,81996,12377,19505,4416,8381,5861,0,0,302,Dawn Primarolo,78579,11086,18600,13866,1264,1216,0,0,2345
Bristol West,Thangam Debbonaire,Bristol area,89198,9752,22900,12103,1940,17227,0,0,296,Stephen Williams,82728,10169,15227,26593,655,2090,0,0,613
Broadland,Keith Simpson,Norfolk,74680,26808,9970,5178,8881,2252,0,0,0,Keith Simpson,73168,24338,7287,17046,2382,752,0,0,871
Bromley and Chislehurst,Bob Neill,Bromley,65476,23343,9779,2836,6285,1823,0,0,0,Bob Neill,65427,23569,7295,9669,1451,607,0,0,1446
Bromsgrove,Sajid Javid,Hereford and Worcestershire,73329,28133,11604,2616,8163,1729,0,0,0,Sajid Javid,73086,22558,11250,10124,2950,0,0,0,4748
Broxbourne,Charles Walker,Hertfordshire,72944,25797,8470,1467,9074,1216,0,0,0,Charles Walker,71391,26844,8040,6107,1890,0,0,0,2777
Broxtowe,Anna Soubry,Nottinghamshire,71865,24163,19876,2120,5674,1544,0,0,63,Anna Soubry,72042,20585,20196,8907,1194,423,0,0,1422
Buckingham,John Bercow,Buckinghamshire,77572,34617,0,0,11675,7400,0,0,0,John Bercow,74996,22860,0,0,8401,0,0,10331,6743
Burnley,Julie Cooper,Lancashire,64486,5374,14951,11707,6864,850,0,0,0,Gordon Birtwistle,66616,6950,13114,14932,929,0,0,3747,2173
Burton,Andrew Griffiths,Staffordshire,75300,24736,13484,1232,8658,1224,0,0,0,Andrew Griffiths,74874,22188,15884,7891,1451,0,0,0,2409
Bury North,David Nuttall,Western Manchester,67580,18970,18592,932,5595,1141,0,0,0,David Nuttall,66759,18070,15827,7645,1282,0,0,0,2137
Bury South,Ivan Lewis,Western Manchester,73883,16350,21272,1690,6299,1434,0,0,170,Ivan Lewis,73544,16216,19508,8796,1017,493,0,0,2237
Bury St Edmunds,Jo Churchill,Suffolk,85993,31815,10514,3581,8739,4692,0,0,0,David Ruffley,84727,27899,9776,15519,3003,2521,0,0,0
Calder Valley,Craig Whittaker,West Yorkshire,77753,23354,18927,2666,5950,2090,0,0,554,Craig Whittaker,76903,20397,13966,13037,1173,858,0,0,2349
Camberwell and Peckham,Harriet Harman,Southwark,80507,6790,32614,2580,2413,5187,0,0,1977,Harriet Harman,78618,6080,27619,10432,0,1361,0,0,1167
Camborne and Redruth,George Eustice,Cornwall,66944,18452,11448,5687,6776,2608,0,0,897,George Eustice,63968,15969,6945,15903,2152,581,0,0,943
Cambridge,Daniel Zeichner,Cambridgeshire,83384,8117,18646,18047,2668,4109,0,0,187,Julian Huppert,77081,12829,12174,19621,1195,3804,0,0,507
Cambridgeshire North East,Stephen Barclay,Cambridgeshire,82990,28524,7476,2314,11650,1816,0,0,0,Stephen Barclay,73224,26862,9274,10437,2991,0,0,0,2500
Cambridgeshire North West,Shailesh Vara,Cambridgeshire,91783,32070,10927,3479,12275,2159,0,0,190,Shailesh Vara,88857,29425,9877,12748,4826,0,0,0,1407
Cambridgeshire South,Heidi Allen,Cambridgeshire,84132,31454,10860,9368,6010,3848,0,0,0,Andrew Lansley,78995,27995,6024,20157,1873,1039,0,0,1968
Cambridgeshire South East,Lucy Frazer,Cambridgeshire,84570,28845,9013,12008,6593,3047,0,0,0,James Paice,83068,27629,4380,21683,2138,766,0,0,1006
Cannock Chase,Amanda Milling,Staffordshire,74531,20811,15888,1270,8224,906,0,0,0,Aidan Burley,74509,18271,15076,7732,1580,0,0,2168,732
Canterbury,Julian Brazier,Kent,83481,22918,13120,6227,7289,3746,0,0,165,Julian Brazier,76808,22050,7940,16002,1907,1137,0,0,173
Carlisle,John Stevenson,Cumbria,65827,18873,16099,1087,5277,1125,0,0,126,John Stevenson,65263,16589,15736,6567,969,614,0,0,1725
Carshalton and Wallington,Tom Brake,Sutton,69866,15093,7150,16603,7049,1492,0,0,226,Tom Brake,66520,16920,4015,22180,1348,355,0,0,1100
Castle Point,Rebecca Harris,Essex,68170,23112,6283,801,14178,1076,0,0,0,Rebecca Harris,67284,19806,6609,4232,0,0,0,12174,2205
Charnwood,Edward Argar,Leicestershire,77269,28384,11453,3605,8330,0,0,0,489,Stephen Dorrell,74473,26560,10536,11531,1799,0,0,0,3116
Chatham and Aylesford,Tracey Crouch,Kent,68625,21614,10159,1360,8581,1101,0,0,258,Tracey Crouch,71122,20230,14161,5832,1314,396,0,0,1874
Cheadle,Mary Robinson,Eastern Manchester,73239,22889,8673,16436,4423,0,0,0,674,Mark Hunter,72458,21445,4920,24717,1430,0,0,0,0
Chelmsford,Simon Burns,Essex,78580,27732,9482,6394,7652,1892,0,0,665,Simon Burns,77529,25207,5980,20097,1527,476,0,0,1306
Chelsea and Fulham,Greg Hands,Hammersmith and Fulham,63478,25322,9300,2091,2039,1474,0,0,0,Greg Hands,66295,24093,7371,6473,478,671,0,0,770
Cheltenham,Alex Chalk,Gloucestershire,77286,24790,3902,18274,3808,2689,0,0,272,Martin Horwood,78998,21739,2703,26659,1192,0,0,0,493
Chesham and Amersham,Cheryl Gillan,Buckinghamshire,73423,31138,6712,4761,7218,2902,0,0,0,Cheryl Gillan,70333,31658,2942,14948,2129,767,0,0,0
"Chester, City of",Chris Matheson,Cheshire,72269,22025,22118,2870,4148,0,0,0,0,Stephen Mosley,68874,18995,16412,8930,1225,535,0,0,693
Chesterfield,Toby Perkins,Derbyshire,72078,8231,21829,6301,7523,1352,0,0,331,Toby Perkins,71878,7214,17891,17342,1432,600,0,0,1360
Chichester,Andrew Tyrie,West Sussex,83575,32953,6933,4865,8540,3742,0,0,106,Andrew Tyrie,81462,31427,5937,15550,3873,0,0,0,0
Chingford and Woodford Green,Iain Duncan Smith,Waltham Forest,66691,20999,12613,2400,5644,1854,0,0,294,Iain Duncan Smith,64831,22743,9780,7242,1133,650,0,0,1558
Chippenham,Michelle Donelan,Wiltshire,74225,26354,4561,16278,5884,2330,0,0,0,Duncan Hames,72105,21500,3620,23970,1783,446,0,0,1066
Chipping Barnet,Theresa Villiers,Barnet,77853,25759,18103,2381,4151,2501,0,0,118,Theresa Villiers,77798,24700,12773,10202,1442,1021,0,0,470
Chorley,Lindsay Hoyle,Lancashire,74679,18792,23322,1354,6995,1111,0,0,138,Lindsay Hoyle,70950,18922,21515,6957,2021,0,0,0,359
Christchurch,Christopher Chope,Dorset,69302,28887,4745,3263,10663,2149,0,0,0,Christopher Chope,68861,27888,4849,12478,4201,0,0,0,0
Cities of London and Westminster,Mark Field,City of Westminster,60992,19570,9899,2521,1894,1953,0,0,348,Mark Field,66489,19264,8188,7574,664,778,0,0,463
Clacton,Douglas Carswell,Essex,68936,16205,6364,812,19642,1184,0,0,0,Douglas Carswell,67194,22867,10799,5577,0,535,0,0,3345
Cleethorpes,Martin Vickers,Humber area,70514,21026,13133,1346,8356,1013,0,0,215,Martin Vickers,70214,18939,14641,8192,3194,0,0,0,0
Colchester,Will Quince,Essex,74203,18919,7852,13344,5870,2499,0,0,109,Bob Russell,74062,15169,5680,22151,1350,694,0,0,1095
Colne Valley,Jason McCartney,West Yorkshire,82510,25246,19868,3407,5734,1919,0,0,626,Jason McCartney,80062,20440,14589,15603,1163,867,0,0,2634
Congleton,Fiona Bruce,Cheshire,72398,27164,10391,4623,6922,1876,0,0,0,Fiona Bruce,73692,23250,8747,16187,2147,0,0,0,449
Copeland,Jamie Reed,Cumbria,62119,14186,16750,1368,6148,1179,0,0,0,Jamie Reed,63291,15866,19699,4365,994,389,0,0,1474
Corby,Tom Pursglove,Northamptonshire,79775,24023,21611,1458,7708,1374,0,0,0,Louise Bagshaw,78305,22886,20991,7834,0,0,0,0,2525
Cornwall North,Scott Mann,Cornwall,67192,21689,2621,15068,6121,2063,0,0,683,Dan Rogerson,68662,19531,1971,22512,2300,0,0,0,530
Cornwall South East,Sheryll Murray,Cornwall,71071,25516,4692,8521,7698,2718,0,0,1353,Sheryll Murray,72237,22390,3507,19170,3083,826,0,0,641
"Cotswolds, The",Geoffrey Clifton-Brown,Gloucestershire,78292,32045,5240,10568,6188,2626,0,0,0,Geoffrey Clifton-Brown,76728,29075,5886,16211,2292,940,0,0,428
Coventry North East,Colleen Fletcher,Coventry and Solihull,76401,9751,22025,2007,6278,1245,0,0,925,Bob Ainsworth,73035,9609,21384,7210,1291,0,0,0,3889
Coventry North West,Geoffrey Robinson,Coventry and Solihull,74597,14048,18557,1810,7101,1961,0,0,1769,Geoffrey Robinson,72871,13648,19936,8344,1295,497,0,0,2840
Coventry South,Jim Cunningham,Coventry and Solihull,71380,15284,18472,1779,5709,1719,0,0,736,Jim Cunningham,73652,15352,19197,8278,1767,639,0,0,691
Crawley,Henry Smith,West Sussex,73940,22829,16303,1339,6979,1100,0,0,0,Henry Smith,72781,21264,15336,6844,1382,598,0,0,2080
Crewe and Nantwich,Edward Timpson,Cheshire,74039,22445,18825,1374,7252,0,0,0,0,Edward Timpson,77460,23420,17374,7656,1414,0,0,0,1220
Croydon Central,Gavin Barwell,Croydon,78171,22753,22588,1152,4810,1454,0,0,184,Gavin Barwell,78880,19657,16688,6553,997,581,0,3239,2042
Croydon North,Steve Reed,Croydon,85951,12149,33513,1919,2899,2515,0,0,527,Malcolm Wicks,85212,12466,28947,7226,891,1017,0,0,1129
Croydon South,Chris Philp,Croydon,82010,31448,14308,3448,6068,2154,0,0,286,Richard Ottaway,81301,28684,11287,12866,2504,981,0,0,0
Dagenham and Rainham,Jon Cruddas,Barking and Dagenham,69049,10492,17830,717,12850,806,0,0,355,Jon Cruddas,69764,15183,17813,3806,1569,296,0,4952,613
Darlington,Jenny Chapman,Durham,65832,14479,17637,1966,5392,1444,0,0,223,Jenny Chapman,69352,13503,16891,10046,1194,0,0,0,1262
Dartford,Gareth Johnson,Kent,76686,25670,13325,1454,10434,1324,0,0,211,Gareth Johnson,76271,24428,13800,7361,1842,0,0,0,2649
Daventry,Chris Heaton-Harris,Northamptonshire,72753,30550,9491,2352,8296,1829,0,0,0,Chris Heaton-Harris,71451,29252,8168,10064,2333,770,0,0,1187
Denton and Reddish,Andrew Gwynne,Eastern Manchester,66574,9150,19661,957,7225,1466,0,0,222,Andrew Gwynne,64765,9360,19191,6727,2060,0,0,0,297
Derby North,Amanda Solloway,Derbyshire,64739,16402,16361,3832,6532,1618,0,0,0,Chris Williamson,71484,14283,14896,12638,829,0,0,0,2434
Derby South,Margaret Beckett,Derbyshire,70247,11179,20007,1717,6341,1208,0,0,368,Margaret Beckett,71012,11729,17851,8430,1821,0,0,0,1357
Derbyshire Dales,Patrick McLoughlin,Derbyshire,63470,24805,10761,3965,5508,2173,0,0,149,Patrick McLoughlin,63367,24378,9061,10512,1779,772,0,0,278
Derbyshire Mid,Pauline Latham,Derbyshire,67576,24908,12134,2292,6497,1898,0,0,0,Pauline Latham,66297,22877,11585,9711,1252,0,0,0,1917
Derbyshire North East,Natascha Engel,Derbyshire,71456,17605,19488,2004,7631,1059,0,0,161,Natascha Engel,71422,15503,17948,10947,2636,0,0,0,0
Derbyshire South,Heather Wheeler,Derbyshire,74395,25066,13595,1887,8998,1216,0,0,0,Heather Wheeler,70610,22935,15807,8012,1206,0,0,0,2459
Devizes,Claire Perry,Wiltshire,69211,28295,6360,3954,7544,2853,0,0,0,Claire Perry,67374,25519,4711,12514,2076,813,0,0,707
Devon Central,Mel Stride,Devon,72737,28436,6985,6643,7171,4866,0,0,347,Mel Stride,71204,27737,3715,18507,2870,1044,0,0,0
Devon East,Hugo Swire,Devon,74224,25401,5591,3715,6870,0,0,13140,0,Hugo Swire,73109,25662,5721,16548,4346,815,0,0,0
Devon North,Peter Heaton-Jones,Devon,74737,22341,3699,15405,7719,3018,0,0,138,Nick Harvey,74508,18484,2671,24305,3720,697,0,0,1444
Devon South West,Gary Streeter,Devon,71035,28500,8391,3767,7306,2408,0,0,0,Gary Streeter,70059,27908,6193,12034,3084,641,0,0,0
Devon West and Torridge,Geoffrey Cox,Devon,78582,28774,6015,7483,10371,3941,0,0,0,Geoffrey Cox,76574,25230,2917,22273,3021,1050,0,0,766
Dewsbury,Paula Sherriff,West Yorkshire,79765,20955,22406,1924,6649,1366,0,0,330,Simon Reevell,78901,18898,17372,9150,0,849,0,3813,3926
Don Valley,Caroline Flint,South Yorkshire,71299,10736,19621,1487,9963,0,0,0,679,Caroline Flint,73214,12877,16472,7422,1904,0,0,0,4755
Doncaster Central,Rosie Winterton,South Yorkshire,71136,8386,19840,1717,9747,0,0,0,730,Rosie Winterton,75207,10340,16569,8795,1421,0,0,0,4620
Doncaster North,Ed Miliband,South Yorkshire,70898,7235,20708,1005,8928,757,0,448,420,Ed Miliband,72381,8728,19637,6174,1797,0,0,2818,2329
Dorset Mid and Poole North,Michael Tomlinson,Dorset,68917,23639,2767,13109,5663,1321,0,0,0,Annette Brooke,64660,20831,2748,21100,2109,0,0,0,0
Dorset North,Simon Hoare,Dorset,74576,30227,4785,6226,9109,3038,0,0,0,Robert Walter,73698,27640,2910,20015,2812,546,0,0,218
Dorset South,Richard Drax,Dorset,71974,23756,11762,2901,7304,2275,0,0,599,Richard Drax,73838,22667,15224,9557,2034,595,0,0,233
Dorset West,Oliver Letwin,Dorset,78427,28329,5633,12199,7055,3242,0,0,0,Oliver Letwin,76869,27287,3815,23364,2196,675,0,0,0
Dover,Charlie Elphicke,Kent,72929,21737,15443,1572,10177,1295,0,0,0,Charlie Elphicke,71832,22174,16900,7962,1747,0,0,0,1602
Dudley North,Ian Austin,Black Country,60718,11704,15885,478,9113,517,0,0,295,Ian Austin,60838,14274,14923,4066,3267,0,0,0,2072
Dudley South,Mike Wood,Black Country,60363,16723,12453,828,7236,970,0,0,0,Chris Kelly,60572,16450,12594,5989,3132,0,0,0,0
Dulwich and West Norwood,Helen Hayes,Lambeth,75244,11650,27772,5055,1606,4844,0,0,435,Tessa Jowell,72817,10684,22461,13096,707,1266,0,0,0
Durham North,Kevan Jones,Durham,65373,8403,22047,2046,6404,1246,0,0,0,Kevan Jones,67548,8622,20698,8617,1344,0,0,0,1686
Durham North West,Pat Glass,Durham,69817,10018,20074,3894,7265,1567,0,0,0,Pat Glass,70618,8766,18539,10927,1259,0,0,2472,1852
"Durham, City of",Roberta Blackman-Woods,Durham,68741,10157,21596,5153,5232,2687,0,0,844,Roberta Blackman-Woods,68832,6146,20496,17429,856,0,0,0,1325
Ealing Central and Acton,Rupa Huq,Ealing,71238,21728,22002,3106,1926,1841,0,0,291,Angie Bray,63489,17944,14228,13041,765,737,0,0,485
Ealing North,Stephen Pound,Ealing,73836,14419,26745,1575,3922,1635,0,0,214,Stephen Pound,67902,14722,24023,6283,685,505,0,0,1460
Ealing Southall,Virendra Sharma,Ealing,65495,9387,28147,1550,1769,2007,0,0,461,Virendra Sharma,60379,12733,22024,6383,0,705,0,0,911
Easington,Grahame Morris,Durham,61675,4478,21132,834,6491,733,0,810,146,Grahame Morris,63873,4790,20579,5597,1631,0,0,0,2317
East Ham,Stephen Timms,Newham,87378,6311,40563,856,2622,1299,0,0,639,Stephen Timms,90675,7645,35471,5849,0,586,0,0,822
Eastbourne,Caroline Ansell,East Sussex,78262,20934,4143,20201,6139,1351,0,0,139,Stephen Lloyd,77840,21223,2497,24658,1305,0,0,1327,1114
Eastleigh,Mims Davies,Hampshire,79609,23464,7181,14317,8783,1513,0,0,247,Christopher Huhne,77435,21102,5153,24966,1933,0,0,0,496
Eddisbury,Antoinette Sandbach,Cheshire,68636,24167,11193,4289,5778,1624,0,0,301,Stephen O'Brien,65306,23472,9794,10217,1931,0,0,0,0
Edmonton,Kate Osamor,Enfield,66015,9969,25388,897,3366,1358,0,0,360,Andy Love,63902,12052,21665,4252,1036,516,0,0,856
Ellesmere Port and Neston,Justin Madders,Cheshire,68134,16041,22316,1563,5594,990,0,0,223,Andrew Miller,63097,15419,19750,6663,1619,0,0,0,782
Elmet and Rothwell,Alec Shelbrooke,West Yorkshire,79143,27978,19488,2640,6430,1261,0,0,0,Alec Shelbrooke,77724,23778,19257,9109,1593,0,0,0,2052
Eltham,Clive Efford,Greenwich,63998,15700,18393,1308,6481,1275,0,0,0,Clive Efford,62590,15753,17416,5299,1011,419,0,0,2066
Enfield North,Joan Ryan,Enfield,68119,19086,20172,1059,4133,1303,0,0,384,Nick de Bois,66258,18804,17112,5403,938,489,0,0,1707
Enfield Southgate,David Burrowes,Enfield,64938,22624,17871,1518,2109,1690,0,0,0,David Burrowes,64138,21928,14302,6124,505,632,0,0,861
Epping Forest,Eleanor Laing,Essex,73545,27027,7962,3448,9049,1782,0,0,80,Eleanor Laing,72198,25148,6641,10017,1852,659,0,0,2267
Epsom and Ewell,Chris Grayling,Surrey,78633,33309,8866,5002,7117,2116,0,0,733,Chris Grayling,78104,30868,6538,14734,2549,0,0,0,266
Erewash,Maggie Throup,Derbyshire,71937,20636,17052,1658,7792,1184,0,0,0,Jessica Lee,69654,18805,16304,8343,855,534,0,0,2801
Erith and Thamesmead,Teresa Pearce,Bexley,69787,11684,21209,972,7368,941,0,0,443,Teresa Pearce,69918,13365,19068,5116,1139,322,0,2184,1282
Esher and Walton,Dominic Raab,Surrey,79894,35845,7229,5372,5551,2355,0,0,624,Dominic Raab,75338,32134,5829,13541,1783,0,0,0,1256
Exeter,Ben Bradshaw,Devon,76964,17879,25062,2321,5075,3491,0,0,190,Ben Bradshaw,77157,17221,19942,10581,1930,792,0,0,1781
Fareham,Suella Fernandes,Hampshire,77233,30689,7800,4814,8427,2129,0,0,841,Mark Hoban,75878,30037,7719,12945,2235,791,0,0,618
Faversham and Kent Mid,Helen Whately,Kent,69523,24895,7403,3039,8243,1768,0,0,455,Hugh Robertson,68858,26250,7748,9162,1722,890,0,0,940
Feltham and Heston,Seema Malhotra,Hounslow,82328,14382,25845,1579,6209,1390,0,0,0,Alan Keen,81058,16516,21174,6679,992,530,0,0,2645
Filton and Bradley Stoke,Jack Lopresti,Bristol area,70722,22920,13082,3581,7261,2257,0,0,0,Jack Lopresti,69003,19686,12772,12197,1506,441,0,0,1699
Finchley and Golders Green,Mike Freer,Barnet,72049,25835,20173,1662,1732,1357,0,0,0,Mike Freer,77198,21688,15879,8036,817,737,0,0,0
Folkestone and Hythe,Damian Collins,Kent,83612,26323,7939,4882,12526,2956,0,0,384,Damian Collins,78003,26109,5719,15987,2439,637,0,0,1909
Forest of Dean,Mark Harper,Gloucestershire,69882,23191,12204,2630,8792,2703,0,0,0,Mark Harper,68419,22853,11789,10676,2522,923,0,0,0
Fylde,Mark Menzies,Lancashire,65679,21406,8182,1623,5569,1381,0,5166,230,Mark Menzies,65917,22826,8624,9641,1945,654,0,0,0
Gainsborough,Edward Leigh,Lincolnshire,73212,25949,10500,3290,7727,1290,0,0,505,Edward Leigh,72144,24266,7701,13707,2065,0,0,0,1512
Garston and Halewood,Maria Eagle,Merseyside,74063,6693,33839,2279,4482,1690,0,0,0,Maria Eagle,71312,6908,25493,8616,1540,0,0,0,268
Gateshead,Ian Mearns,Newcastle area,63910,5502,21549,2585,6765,1548,0,0,0,Ian Mearns,66492,5716,20712,8163,1103,379,0,0,2184
Gedling,Vernon Coaker,Nottinghamshire,70046,17321,20307,1906,6930,1534,0,0,0,Vernon Coaker,70590,17962,19821,7350,1459,0,0,0,1598
Gillingham and Rainham,Rehman Chishti,Kent,72609,22590,12060,1707,9199,1133,0,0,389,Rehman Chishti,70865,21624,12944,8484,1515,356,0,0,1863
Gloucester,Richard Graham,Gloucestershire,82949,23837,16586,2828,7497,1485,0,0,342,Richard Graham,79322,20267,17847,9767,1808,511,0,0,564
Gosport,Caroline Dinenage,Hampshire,73271,26364,6926,3298,9266,1707,0,0,104,Caroline Dinenage,72720,24300,7944,9887,1496,573,0,0,2739
Grantham and Stamford,Nicholas Boles,Lincolnshire,81151,28399,9070,3263,9410,1872,0,0,1741,Nicholas Boles,78000,26552,9503,11726,1604,0,0,0,3414
Gravesham,Adam Holloway,Kent,74307,23484,15114,1111,9306,1124,0,0,0,Adam Holloway,70195,22956,13644,6293,2265,675,0,0,1470
Great Grimsby,Melanie Onn,Humber area,58484,8874,13414,1680,8417,783,0,0,563,Austin Mitchell,61229,10063,10777,7388,2043,0,0,0,2683
Great Yarmouth,Brandon Lewis,Norfolk,69793,19089,12935,1030,10270,978,0,0,167,Brandon Lewis,70315,18571,14295,6188,2066,416,0,0,1521
Greenwich and Woolwich,Matthew Pennycook,Greenwich,73315,12438,24384,2645,3888,2991,0,0,370,Nick Raynsford,65489,10109,20262,7498,0,1054,0,0,2265
Guildford,Anne Milton,Surrey,76554,30802,6534,8354,4774,2558,0,0,964,Anne Milton,77082,29618,2812,21836,1021,0,0,0,280
Hackney North and Stoke Newington,Diane Abbott,Hackney,83195,7349,31357,2492,1085,7281,0,0,323,Diane Abbott,73874,6759,25553,11092,0,2133,0,0,951
Hackney South and Shoreditch,Meg Hillier,Hackney,79962,6420,30663,2186,1818,5519,0,0,1004,Meg Hillier,72816,5800,23888,9600,651,1493,0,0,1426
Halesowen and Rowley Regis,James Morris,Black Country,74203,18933,15851,905,7280,849,0,0,0,James Morris,63693,18115,16092,6515,2824,0,0,0,433
Halifax,Holly Lynch,West Yorkshire,70461,17078,17506,1629,5621,1142,0,0,777,Linda Riordan,70380,14806,16278,8335,654,0,0,0,3482
Haltemprice and Howden,David Davis,Humber area,71205,26414,10219,3055,6781,1809,0,0,479,David Davis,70403,24486,7630,12884,0,669,0,0,3068
Halton,Derek Twigg,Cheshire,72818,8007,28292,1097,6333,1017,0,0,277,Derek Twigg,68884,8339,23843,5718,1228,647,0,0,1563
Hammersmith,Andy Slaughter,Hammersmith and Fulham,72254,17463,23981,2224,2105,2105,0,0,82,Andy Slaughter,72348,17261,20810,7567,551,696,0,0,567
Hampshire East,Damian Hinds,Hampshire,72600,31334,5220,5732,6187,3176,0,0,0,Damian Hinds,72250,29137,4043,15640,1477,0,0,0,1020
Hampshire North East,Ranil Jayawardena,Hampshire,74025,35573,5290,5657,4732,2364,0,0,384,James Arbuthnot,72196,32075,5173,13478,2213,0,0,0,0
Hampshire North West,Kit Malthouse,Hampshire,79223,32052,7342,5151,8109,2541,0,0,0,Sir George Young,76040,31072,6980,12489,2751,0,0,0,0
Hampstead and Kilburn,Tulip Siddiq,Camden,80241,22839,23977,3039,1532,2387,0,0,190,Glenda Jackson,79713,17290,17332,16491,408,759,0,0,542
Harborough,Edward Garnier,Leicestershire,77760,27675,8043,7037,7539,2177,0,0,0,Edward Garnier,77917,26894,6981,17097,1462,0,0,0,2511
Harlow,Robert Halfon,Essex,67994,21623,13273,904,7208,954,0,0,289,Robert Halfon,67439,19691,14766,5990,1591,0,0,0,1840
Harrogate and Knaresborough,Andrew Jones,North Yorkshire,77379,28153,5409,11782,5681,2351,0,0,0,Andrew Jones,75269,24305,3413,23266,1056,0,0,0,1094
Harrow East,Bob Blackman,Harrow,70890,24668,19911,1037,2333,846,0,0,205,Bob Blackman,68554,21435,18032,6850,896,793,0,0,0
Harrow West,Gareth Thomas,Harrow,69643,19677,21885,1567,2047,1310,0,0,117,Gareth Thomas,71510,16968,20111,7458,954,625,0,0,0
Hartlepool,Iain Wright,Teesside,69516,8256,14076,761,11052,1341,0,2954,1050,Iain Wright,68923,10758,16267,6533,2682,0,0,0,2002
Harwich and North Essex,Bernard Jenkin,Essex,69289,24722,9548,3576,8464,2122,0,0,0,Bernard Jenkin,70743,23001,9774,11554,2527,909,0,0,1235
Hastings and Rye,Amber Rudd,East Sussex,75095,22686,17890,1614,6786,1951,0,0,0,Amber Rudd,78000,20468,18475,7825,1397,0,0,0,1649
Havant,Alan Mak,Hampshire,70573,23159,7149,2929,9239,2352,0,0,0,David Willetts,69712,22433,7777,10273,2611,0,0,0,809
Hayes and Harlington,John McDonnell,Hillingdon,74875,11143,26843,888,5388,794,0,0,0,John McDonnell,70233,12553,23377,3726,0,348,0,0,2633
Hazel Grove,William Wragg,Eastern Manchester,63098,17882,7584,11330,5283,1140,0,0,0,Andrew Stunell,63074,14114,5234,20485,2148,0,0,0,0
Hemel Hempstead,Michael Penning,Hertfordshire,74616,26245,11825,2402,7249,1660,0,0,252,Michael Penning,72754,24721,10295,11315,1254,0,0,0,1886
Hemsworth,Jon Trickett,West Yorkshire,72714,9694,21772,1357,8565,0,0,0,1018,Jon Trickett,72552,10662,20506,5667,0,0,0,3946,3059
Hendon,Matthew Offord,Barnet,74658,24328,20604,1088,2595,1015,0,0,0,Matthew Offord,78923,19635,19529,5734,958,518,0,0,0
Henley,John Howell,Oxfordshire,78243,32292,6917,6205,6007,3815,0,0,0,John Howell,75005,30054,5835,13466,1817,1328,0,0,1020
Hereford and South Herefordshire,Jesse Norman,Hereford and Worcestershire,70711,24844,6042,5002,7954,3415,0,0,0,Jesse Norman,71435,22366,3506,19885,1638,0,0,0,986
Herefordshire North,Bill Wiggin,Hereford and Worcestershire,66683,26716,5478,5768,6720,3341,0,0,0,Bill Wiggin,66525,24631,3373,14744,2701,1533,0,0,586
Hertford and Stortford,Mark Prisk,Hertfordshire,78906,31593,10084,4385,7534,2681,0,0,0,Mark Prisk,78459,29810,7620,14373,1716,0,0,0,1858
Hertfordshire North East,Oliver Heald,Hertfordshire,73944,28949,9869,3952,6728,2789,0,0,0,Oliver Heald,72200,26995,8291,11801,2075,875,0,0,388
Hertfordshire South West,David Gauke,Hertfordshire,79666,32608,9345,5872,6603,2583,0,0,256,David Gauke,78248,30773,6526,15853,1450,0,0,0,2148
Hertsmere,Oliver Dowden,Hertfordshire,73753,29696,11235,2777,6383,0,0,0,0,James Clappison,73062,26476,8871,8210,1712,604,0,0,1397
Hexham,Guy Opperman,Northumberland,60614,22834,10803,2961,4302,2445,0,0,0,Guy Opperman,61375,18795,8253,13007,0,0,0,0,3428
Heywood and Middleton,Liz McInnes,Eastern Manchester,79989,9268,20926,1607,15627,1110,0,0,0,Jim Dobbin,80171,12528,18499,10474,1215,0,0,0,3409
High Peak,Andrew Bingham,Derbyshire,73336,22836,17942,2389,5811,1811,0,0,0,Andrew Bingham,71973,20587,15910,10993,1690,922,0,0,235
Hitchin and Harpenden,Peter Lilley,Hertfordshire,74839,31488,11433,4484,4917,3053,0,0,0,Peter Lilley,73851,29869,7413,14598,1663,807,0,0,357
Holborn and St Pancras,Keir Starmer,Camden,86864,12014,29062,3555,2740,7013,0,0,533,Frank Dobson,86863,11134,25198,15256,587,1480,0,0,994
Hornchurch and Upminster,Angela Watkinson,Havering,79331,27051,11103,1501,13977,1411,0,0,193,Angela Watkinson,78487,27469,11098,7426,2848,542,0,3421,586
Hornsey and Wood Green,Catherine West,Haringey,79241,5347,29417,18359,1271,3146,0,0,245,Lynne Featherstone,79916,9174,18720,25595,0,1261,0,0,292
Horsham,Jeremy Quin,West Sussex,78181,32627,6499,6647,7969,2198,0,0,985,Francis Maude,76835,29447,4189,17987,2839,570,0,0,809
Houghton and Sunderland South,Bridget Phillipson,Newcastle area,68316,7105,21218,791,8280,1095,0,0,0,Bridget Phillipson,68729,8147,19137,5292,1022,0,0,2462,1961
Hove,Peter Kyle,East Sussex,73505,20846,22082,1861,3265,3569,0,0,591,Mike Weatherley,71708,18294,16426,11240,1206,2568,0,0,85
Huddersfield,Barry Sheerman,West Yorkshire,65265,10841,18186,2365,5948,2798,0,0,340,Barry Sheerman,66316,11253,15725,10023,0,1641,0,0,1882
Hull East,Karl Turner,Humber area,65606,5593,18180,2294,7861,806,0,0,410,Karl Turner,67530,5667,16387,7790,2745,0,0,0,1595
Hull North,Diana Johnson,Humber area,63650,5306,18661,3175,5762,2066,0,0,366,Diana Johnson,64082,4365,13044,12403,1358,478,0,0,1643
Hull West and Hessle,Alan Johnson,Humber area,59008,5561,15646,3169,6313,943,0,0,171,Alan Johnson,57264,6361,13378,7636,1688,0,0,0,2442
Huntingdon,Jonathan Djanogly,Cambridgeshire,82404,29652,10248,4375,9473,2178,0,0,0,Jonathan Djanogly,83557,26516,5982,15697,3258,652,0,0,2161
Hyndburn,Graham Jones,Lancashire,68341,13676,18076,859,9154,1122,0,0,0,Graham Jones,67221,14441,17531,5033,1481,463,0,2137,1586
Ilford North,Wes Streeting,Redbridge,78162,20874,21463,1130,4355,1023,0,0,87,Lee Scott,72372,21506,16102,5966,871,572,0,0,2001
Ilford South,Mike Gapes,Redbridge,95023,13455,33232,1014,2705,1506,0,0,0,Mike Gapes,86220,14014,25301,8679,1132,1319,0,0,746
Ipswich,Ben Gummer,Suffolk,74498,21794,18061,1400,5703,1736,0,0,0,Ben Gummer,78371,18371,16292,8556,1365,775,0,0,1582
Isle of Wight,Andrew Turner,Hampshire,108804,28591,8984,5235,14888,9404,0,0,3198,Andrew Turner,109966,32810,8169,22283,2435,931,0,0,3636
Islington North,Jeremy Corbyn,Islington,73325,8465,29659,3984,1971,5043,0,0,112,Jeremy Corbyn,68120,6339,24276,11875,716,1348,0,0,0
Islington South and Finsbury,Emily Thornberry,Islington,68127,9839,22547,4829,3375,3371,0,0,309,Emily Thornberry,67649,8449,18407,14838,701,710,0,0,450
Jarrow,Stephen Hepburn,Newcastle area,63882,6584,21464,1238,7583,1310,0,0,385,Stephen Hepburn,64350,8002,20910,7163,0,0,0,0,2709
Keighley,Kris Hopkins,West Yorkshire,68865,21766,18713,1321,5662,1661,0,0,0,Kris Hopkins,65893,20003,17063,7059,1470,0,0,0,2097
Kenilworth and Southam,Jeremy Wright,Warwickshire,65245,28474,7472,4913,5467,1956,0,0,509,Jeremy Wright,64362,25945,6949,13393,1214,568,0,0,362
Kensington,Victoria Borwick,Kensington and Chelsea,61333,18199,10838,1962,1557,1765,0,0,507,Sir Malcolm Rifkind,65961,17595,8979,6872,754,753,0,0,197
Kettering,Philip Hollobone,Northamptonshire,70155,24467,11877,1490,7600,1633,0,0,151,Philip Hollobone,68837,23247,14153,7498,0,0,0,0,2430
Kingston and Surbiton,James Berry,Kingston Upon Thames,81277,23249,8574,20415,4321,2322,0,0,372,Edward Davey,81116,20868,5337,28428,1450,555,0,0,473
Kingswood,Chris Skidmore,Bristol area,67992,23252,14246,1827,7133,1370,0,0,297,Chris Skidmore,66361,19362,16917,8072,1528,383,0,0,1644
Knowsley,George Howarth,Merseyside,79109,3367,39628,1490,4973,1270,0,0,0,George Howarth,79561,4004,31650,5964,1145,0,0,0,1895
Lancashire West,Rosie Cooper,Lancashire,70945,16114,24474,1298,6058,1582,0,0,150,Rosie Cooper,75975,17540,21883,6573,1775,485,0,0,217
Lancaster and Fleetwood,Catherine Smith,Lancashire,60883,16378,17643,1390,4060,2093,0,0,174,Eric Ollerenshaw,69908,15404,15071,8167,1020,1888,0,0,1151
Leeds Central,Hilary Benn,West Yorkshire,81799,7791,24758,1529,7082,3558,0,0,330,Hilary Benn,64698,7541,18434,7789,0,0,0,0,3630
Leeds East,Richard Burgon,West Yorkshire,64754,7997,20530,1296,7256,1117,0,0,0,George Mudie,65067,8763,19056,6618,0,0,0,0,3376
Leeds North East,Fabian Hamilton,West Yorkshire,69097,15887,23137,2569,3706,2541,0,0,451,Fabian Hamilton,67899,15742,20287,9310,842,0,0,0,1354
Leeds North West,Greg Mulholland,West Yorkshire,61974,8083,13041,15948,2997,3042,0,0,246,Greg Mulholland,65399,11550,9132,20653,600,508,0,0,1040
Leeds West,Rachel Reeves,West Yorkshire,64950,7729,18456,1495,7104,3217,0,0,422,Rachel Reeves,67453,7641,16389,9373,1140,1832,0,0,2377
Leicester East,Keith Vaz,Leicestershire,75430,11034,29386,1233,4290,1468,0,0,657,Keith Vaz,72986,11722,25804,6817,725,733,0,0,2194
Leicester South,Jonathan Ashworth,Leicestershire,73518,9628,27473,2127,3832,2533,0,0,349,Peter Soulsby,77175,10066,21479,12671,720,770,0,0,1418
Leicester West,Elizabeth Kendall,Leicestershire,63204,8848,16051,1507,5950,1878,0,0,288,Elizabeth Kendall,64900,9728,13745,8107,883,639,0,0,2717
Leicestershire North West,Andrew Bridgen,Leicestershire,72194,25505,14132,2033,8704,1174,0,0,0,Andrew Bridgen,71219,23147,15636,8639,1134,0,0,0,3396
Leicestershire South,Alberto Costa,Leicestershire,76877,28700,11876,3987,9363,0,0,0,0,Andrew Robathan,76639,27000,11392,11476,1988,0,0,0,2721
Leigh,Andrew Burnham,Western Manchester,75974,10216,24312,1150,8903,0,0,0,542,Andrew Burnham,76350,9284,21295,8049,1535,0,0,0,4169
Lewes,Maria Caulfield,East Sussex,69481,19206,5000,18123,5427,2784,0,0,0,Norman Baker,68708,18401,2508,26048,1728,729,0,0,674
Lewisham Deptford,Vicky Foxcroft,Lewisham,73426,7056,28572,2497,2013,5932,0,0,1356,Joan Ruddock,67058,5551,22132,9633,0,2772,0,0,1132
Lewisham East,Heidi Alexander,Lewisham,73428,9574,23907,2455,3886,2429,0,0,672,Heidi Alexander,65926,9850,17966,11750,771,624,0,0,758
Lewisham West and Penge,Jim Dowd,Lewisham,72289,11633,24347,3709,3764,4077,0,0,595,Jim Dowd,69022,11489,18501,12673,1117,931,0,0,317
Leyton and Wanstead,John Cryer,Waltham Forest,64746,8939,23858,2304,2341,2974,0,0,289,John Cryer,63541,8928,17511,11095,1080,562,0,0,983
Lichfield,Michael Fabricant,Staffordshire,83339,28389,10200,2700,8082,1976,0,0,120,Michael Fabricant,72586,28048,10230,10365,2920,0,0,0,0
Lincoln,Karl McCartney,Lincolnshire,74121,19976,18533,1992,5721,0,0,0,630,Karl McCartney,73540,17163,16105,9256,1004,0,0,0,2193
Liverpool Riverside,Louise Ellman,Merseyside,70950,4245,29835,1719,2510,5372,0,0,582,Louise Ellman,74539,4243,22998,8825,674,1355,0,0,706
Liverpool Walton,Steve Rotheram,Merseyside,62868,1802,31222,899,3445,956,0,0,79,Steve Rotheram,62612,2241,24709,4891,898,0,0,1104,492
Liverpool Wavertree,Luciana Berger,Merseyside,61731,4098,28401,2454,3375,2140,0,0,506,Luciana Berger,62518,2830,20132,12965,890,598,0,0,499
Liverpool West Derby,Stephen Twigg,Merseyside,63875,2710,30842,959,3475,996,0,0,2049,Stephen Twigg,63082,3311,22953,4486,1093,0,0,3327,614
Loughborough,Nicky Morgan,Leicestershire,72644,25762,16579,2130,5704,1845,0,0,0,Nicky Morgan,77502,21971,18227,9675,925,0,0,0,2040
Louth and Horncastle,Victoria Atkins,Lincolnshire,74280,25755,9077,2255,10778,1549,0,0,922,Sir Peter Tapsell,77650,25065,8760,11194,2183,0,0,0,3292
Ludlow,Philip Dunne,Shropshire,66423,26093,5902,6469,7164,2435,0,0,0,Philip Dunne,66631,25720,3272,15971,2127,447,0,0,1195
Luton North,Kelvin Hopkins,Bedfordshire,66533,12739,22243,1299,5318,972,0,0,0,Kelvin Hopkins,65062,13672,21192,4784,1564,490,0,0,1316
Luton South,Gavin Shuker,Bedfordshire,67234,12949,18660,3183,5129,1237,0,0,1058,Gavin Shuker,59962,12396,14725,9567,975,366,0,0,4187
Macclesfield,David Rutley,Cheshire,71580,26063,11252,3842,6037,2404,0,0,0,David Rutley,73417,23503,10164,11544,1418,840,0,0,2590
Maidenhead,Theresa May,Berkshire,74963,35453,6394,5337,4539,1915,0,0,217,Theresa May,72844,31937,3795,15168,1243,482,0,0,1095
Maidstone and The Weald,Helen Grant,Kent,73181,22745,5268,12036,7930,1396,0,0,635,Helen Grant,71041,23491,4769,17602,1637,655,0,0,774
Makerfield,Yvonne Fovargue,Western Manchester,74370,8752,23208,1639,10053,1136,0,0,0,Yvonne Fovargue,73641,8210,20700,7082,0,0,0,3424,4355
Maldon,John Whittingdale,Essex,69455,29112,5690,2157,7042,1504,0,2424,116,John Whittingdale,68861,28661,6070,9254,2446,0,0,0,1464
Manchester Central,Lucy Powell,Central Manchester,86078,6133,27772,1867,5033,3838,0,0,688,Tony Lloyd,90110,4704,21059,10620,607,915,0,0,2022
Manchester Gorton,Sir Gerald Kaufman,Central Manchester,72959,4063,28187,1782,3434,4108,0,0,445,Sir Gerald Kaufman,75933,4224,19211,12508,0,1048,0,0,1334
Manchester Withington,Jeff Smith,Central Manchester,74102,4872,26843,11970,2172,4048,0,0,61,John Leech,74371,5005,18216,20110,698,798,0,0,204
Mansfield,Alan Meale,Nottinghamshire,77534,13288,18603,1642,11850,1486,0,0,324,Alan Meale,80069,12741,18753,7469,2985,0,0,4339,2108
Meon Valley,George Hollingbery,Hampshire,72738,31578,5656,4987,7665,1831,0,0,0,George Hollingbery,70488,28818,3266,16693,1490,0,0,0,971
Meriden,Caroline Spelman,Coventry and Solihull,81079,28791,9996,2638,8908,2170,0,0,100,Caroline Spelman,83826,26956,10703,9278,1378,678,0,0,3169
Middlesbrough,Andy McDonald,Teesside,61868,5388,18584,1220,6107,1407,0,0,0,Sir Stuart Bell,65148,6283,15351,6662,1236,0,0,0,3923
Middlesbrough South and Cleveland East,Tom Blenkinsop,Teesside,71153,16925,19193,1564,6935,1060,0,0,0,Tom Blenkinsop,72664,16461,18138,7340,1881,0,0,0,2394
Milton Keynes North,Mark Lancaster,Buckinghamshire,84892,27244,17491,3575,6852,2255,0,0,275,Mark Lancaster,85841,23419,14458,11894,1772,733,0,0,1612
Milton Keynes South,Iain Stewart,Buckinghamshire,87968,27601,18929,2309,7803,1936,0,0,371,Iain Stewart,90487,23034,17833,9787,2074,774,0,0,1831
Mitcham and Morden,Siobhain McDonagh,Merton,68474,10458,27380,1378,4287,1422,0,0,217,Siobhain McDonagh,65939,11056,24722,5202,857,381,0,0,1579
Mole Valley,Sir Paul Beresford,Surrey,74317,33434,4565,7981,6181,2979,0,0,0,Sir Paul Beresford,72612,31263,3804,15610,2752,895,0,0,0
Morecambe and Lunesdale,David Morris,Lancashire,66476,19691,15101,1612,5358,1395,0,0,85,David Morris,69965,18035,17169,5791,1843,598,0,0,0
Morley and Outwood,Andrea Jenkyns,West Yorkshire,76179,18776,18354,1426,7951,1264,0,0,479,Ed Balls,74200,17264,18365,8186,1506,0,0,3535,0
New Forest East,Julian Lewis,Hampshire,72720,27819,6018,4626,8657,2327,0,0,0,Julian Lewis,72858,26443,4915,15136,2518,1024,0,0,0
New Forest West,Desmond Swayne,Hampshire,68465,28420,5133,3293,7816,2748,0,0,0,Desmond Swayne,68332,27980,4666,11084,2783,1059,0,0,0
Newark,Robert Jenrick,Nottinghamshire,73724,29834,11360,2385,6294,1792,0,0,637,Patrick Mercer,71785,27590,11438,10246,1954,0,0,0,0
Newbury,Richard Benyon,Berkshire,79058,34973,4837,8605,6195,2324,0,0,366,Richard Benyon,78329,33057,2505,20809,1475,490,0,0,253
Newcastle upon Tyne Central,Chi Onwurah,Newcastle area,61061,6628,19301,2218,5214,1724,0,0,0,Chi Onwurah,60507,6611,15694,8228,754,568,0,0,2302
Newcastle upon Tyne East,Nick Brown,Newcastle area,74112,6884,19378,4332,4910,3426,0,0,292,Nick Brown,64487,6068,17043,12590,0,620,0,0,1519
Newcastle upon Tyne North,Catherine McKinnell,Newcastle area,67267,10536,20689,4366,7447,1515,0,0,338,Catherine McKinnell,67110,7966,17950,14536,1285,319,0,0,1890
Newcastle-under-Lyme,Paul Farrelly,Staffordshire,66752,15870,16520,1826,7252,1246,0,0,283,Paul Farrelly,69433,14841,16393,8466,3491,0,0,0,0
Newton Abbot,Anne-Marie Morris,Devon,69743,22794,4736,11506,6726,2216,0,0,221,Anne-Marie Morris,69343,20774,3387,20251,3088,701,0,0,82
Norfolk Mid,George Freeman,Norfolk,76975,27206,9585,3300,9930,2191,0,0,0,George Freeman,74260,25123,8857,11267,2800,1457,0,0,1261
Norfolk North,Norman Lamb,Norfolk,68958,15256,5043,19299,8328,1488,0,0,0,Norman Lamb,67841,15928,2896,27554,2680,508,0,0,95
Norfolk North West,Henry Bellingham,Norfolk,72400,24727,10779,1673,8412,1780,0,0,0,Henry Bellingham,73207,25916,6353,11106,1841,745,0,0,1839
Norfolk South,Richard Bacon,Norfolk,78885,30995,10502,4689,7847,3090,0,0,0,Richard Bacon,76165,27133,7252,16193,2329,1000,0,0,1086
Norfolk South West,Elizabeth Truss,Norfolk,76970,25515,8649,2217,11654,2075,0,0,0,Elizabeth Truss,74298,23753,9119,10613,3061,830,0,0,1774
"Normanton, Pontefract and Castleford",Yvette Cooper,West Yorkshire,82592,9569,25213,1330,9785,0,0,0,0,Yvette Cooper,82239,11314,22293,7585,0,0,0,0,5047
Northampton North,Michael Ellis,Northamptonshire,59147,16699,13454,1401,6354,1503,0,0,0,Michael Ellis,64230,13735,11799,11250,1238,443,0,0,1806
Northampton South,David Mackintosh,Northamptonshire,61284,16163,12370,1673,7114,1403,0,0,161,Brian Binley,66923,15917,9913,7579,1897,363,0,0,3309
Northamptonshire South,Andrea Leadsom,Northamptonshire,85092,36607,10191,3613,8204,2247,0,0,0,Andrea Leadsom,82032,33081,10380,12603,2406,685,0,0,735
Norwich North,Chloe Smith,Norfolk,65136,19052,14589,1894,5986,1939,0,0,132,Chloe Smith,65258,17280,13379,7783,1878,1245,0,0,1008
Norwich South,Clive Lewis,Norfolk,74875,11379,19033,6607,4539,6749,0,0,156,Simon Wright,73649,10902,13650,13960,1145,7095,0,0,799
Nottingham East,Christopher Leslie,Nottinghamshire,60464,7314,19208,1475,3501,3473,0,0,238,Christopher Leslie,58707,7846,15022,8053,1138,928,0,0,125
Nottingham North,Graham Allen,Nottinghamshire,65918,7423,19283,847,6542,1088,0,0,160,Graham Allen,63240,8508,16646,5849,1338,0,0,0,1944
Nottingham South,Lilian Greenwood,Nottinghamshire,68987,13761,20697,1532,4900,2345,0,0,230,Lilian Greenwood,67441,13437,15209,9406,967,630,0,0,1140
Nuneaton,Marcus Jones,Warwickshire,68032,20827,15945,816,6582,1281,0,0,298,Marcus Jones,67837,18536,16467,6846,0,0,0,0,2797
Old Bexley and Sidcup,James Brokenshire,Bexley,66035,24682,8879,1644,8528,1336,0,1216,463,James Brokenshire,65665,24625,8768,6996,1532,371,0,0,3200
Oldham East and Saddleworth,Debbie Abrahams,Eastern Manchester,72005,11527,17529,5718,8557,1152,0,0,0,Phil Woolas,72765,11773,14186,14083,1720,0,0,0,2758
Oldham West and Royton,Michael Meacher,Eastern Manchester,72341,8187,23630,1589,8892,839,0,0,0,Michael Meacher,72651,10151,19503,8193,1387,0,0,0,3676
Orpington,Joseph Johnson,Bromley,68129,28152,7645,3330,8173,1732,0,0,0,Joseph Johnson,67732,29200,4400,12000,1360,511,0,0,1440
Oxford East,Andrew Smith,Oxfordshire,78974,10076,25356,5453,3451,5890,0,0,463,Andrew Smith,81886,9727,21938,17357,1202,1238,0,0,189
Oxford West and Abingdon,Nicola Blackwood,Oxfordshire,79767,26153,7274,16571,3963,2497,0,0,789,Nicola Blackwood,86458,23906,5999,23730,1518,1184,0,0,143
Pendle,Andrew Stephenson,Lancashire,64657,20978,15525,1487,5415,1043,0,0,0,Andrew Stephenson,66417,17512,13927,9095,1476,0,0,0,3035
Penistone and Stocksbridge,Angela Smith,South Yorkshire,71048,12968,19691,2957,10738,0,0,0,500,Angela Smith,68501,14516,17565,9800,1936,0,0,0,2699
Penrith and The Border,Rory Stewart,Cumbria,65209,26202,6308,3745,5353,2313,0,0,0,Rory Stewart,64548,24071,5834,12830,1259,0,0,0,1093
Peterborough,Stewart Jackson,Cambridgeshire,72521,18684,16759,1774,7485,1218,0,0,1155,Stewart Jackson,70316,18133,13272,8816,3007,523,0,0,1176
Plymouth Moor View,Johnny Mercer,Devon,68115,16020,14994,1265,9152,1023,0,0,152,Alison Seabeck,67261,13845,15433,7016,3188,398,0,0,1646
Plymouth Sutton and Devonport,Oliver Colvile,Devon,73495,18120,17597,2008,6731,3401,0,0,106,Oliver Colvile,71035,15050,13901,10829,2854,904,0,0,356
Poole,Robert Syms,Dorset,72557,23745,6102,5572,7956,2198,0,0,1820,Robert Syms,64661,22532,6041,14991,2507,0,0,0,1365
Poplar and Limehouse,Jim Fitzpatrick,Tower Hamlets,82076,12962,29886,2149,3128,2463,0,0,456,Jim Fitzpatrick,74956,12649,18679,5209,565,449,0,8160,989
Portsmouth North,Penny Mordaunt,Hampshire,73105,21343,10806,2828,8660,1450,0,0,303,Penny Mordaunt,70329,19533,12244,8874,1812,461,0,0,1194
Portsmouth South,Flick Drummond,Hampshire,71639,14585,8184,9344,5595,3145,0,716,334,Mike Hancock,70242,13721,5640,18921,876,716,0,0,1390
Preston,Mark Hendrick,Lancashire,59981,6688,18755,1244,5139,1643,0,0,0,Mark Hendrick,62460,7060,15668,7935,1462,0,0,0,380
Pudsey,Stuart Andrew,West Yorkshire,70533,23637,19136,1926,4689,1539,0,0,0,Stuart Andrew,69257,18874,17215,10224,1221,0,0,0,1549
Putney,Justine Greening,Wandsworth,63918,23018,12838,2717,1989,2067,0,0,184,Justine Greening,63370,21223,11170,6907,435,591,0,0,459
Rayleigh and Wickford,Mark Francois,Essex,77870,29088,6705,1622,11858,1529,0,0,2418,Mark Francois,75905,30257,7577,7919,2211,0,0,0,4379
Reading East,Rob Wilson,Berkshire,74651,23217,16697,3719,3647,3214,0,0,0,Rob Wilson,74922,21269,12729,13664,1086,1069,0,0,168
Reading West,Alok Sharma,Berkshire,72302,23082,16432,2355,4826,1406,0,0,303,Alok Sharma,72118,20523,14519,9546,1508,582,0,0,852
Redcar,Anna Turley,Teesside,64825,6630,17946,7558,7516,880,0,0,389,Ian Swales,67125,5790,13741,18955,1875,0,0,0,1602
Redditch,Karen Lumley,Hereford and Worcestershire,65529,20771,13717,1349,7133,960,0,0,168,Karen Lumley,68550,19138,13317,7750,1497,393,0,0,1923
Reigate,Crispin Blunt,Surrey,73429,29151,6578,5369,6817,3434,0,0,0,Crispin Blunt,71604,26688,5672,13097,2089,1087,0,0,1345
Ribble South,Seema Kennedy,Lancashire,76489,24313,18368,2312,7377,0,0,0,0,Lorraine Fullbrook,75822,23396,17842,7271,1895,0,0,0,1054
Ribble Valley,Nigel Evans,Lancashire,77873,25404,11798,2756,8250,2193,0,0,1842,Nigel Evans,78068,26298,11529,10732,3496,0,0,0,232
Richmond,Rishi Sunak,North Yorkshire,83451,27744,7124,3465,8194,2313,0,3348,1811,William Hague,79478,33541,8150,10205,0,1516,0,0,0
Richmond Park,Zac Goldsmith,Richmond Upon Thames,77297,34404,7296,11389,2464,3548,0,0,0,Zac Goldsmith,77060,29461,2979,25370,669,572,0,0,217
Rochdale,Simon Danczuk,Eastern Manchester,79170,7742,20961,4667,8519,1382,0,1535,624,Simon Danczuk,78952,8305,16699,15810,1999,0,0,0,3094
Rochester and Strood,Kelly Tolhurst,Kent,79000,23142,10396,1251,16009,1516,0,0,202,Mark Reckless,73882,23604,13651,7800,0,734,0,0,2182
Rochford and Southend East,James Duddridge,Essex,71935,20241,10765,1459,8948,2195,0,0,0,James Duddridge,71080,19509,8459,8084,2405,707,0,0,2467
Romford,Andrew Rosindell,Havering,72594,25067,10268,1413,11208,1222,0,0,0,Andrew Rosindell,71193,26031,9077,5572,2050,447,0,2438,866
Romsey and Southampton North,Caroline Nokes,Hampshire,66519,26285,5749,8573,5511,2280,0,0,0,Caroline Nokes,66901,24345,3116,20189,1289,0,0,0,0
Rossendale and Darwen,Jake Berry,Lancashire,84011,22847,17193,806,6862,1046,0,0,270,Jake Berry,73003,19691,15198,8541,1617,0,0,0,2081
Rother Valley,Kevin Barron,South Yorkshire,74275,10945,20501,1992,13204,0,0,0,377,Kevin Barron,72841,13281,19147,8111,2613,0,0,0,3606
Rotherham,Sarah Champion,South Yorkshire,63698,4656,19860,1093,11414,0,0,0,800,Denis MacShane,63565,6279,16741,5994,2220,0,0,3906,2366
Rugby,Mark Pawsey,Warwickshire,79557,24040,13695,2776,6855,1415,0,0,225,Mark Pawsey,68914,20901,14901,9434,406,451,0,0,1375
"Ruislip, Northwood and Pinner",Nick Hurd,Hillingdon,73219,30521,10297,2537,5598,1801,0,0,468,Nick Hurd,70873,28866,9806,8345,1351,740,0,0,1097
Runnymede and Weybridge,Philip Hammond,Surrey,73744,29901,7767,3362,6951,2071,0,0,0,Philip Hammond,72566,26915,6446,10406,3146,696,0,0,541
Rushcliffe,Kenneth Clarke,Nottinghamshire,73294,28354,14525,2783,5943,3559,0,0,0,Kenneth Clarke,72955,27470,11128,11659,2179,1251,0,0,0
Rutland and Melton,Alan Duncan,Leicestershire,79789,30383,8383,4407,8678,2325,0,0,427,Alan Duncan,77185,28228,7893,14228,2526,0,0,0,2345
Saffron Walden,Sir Alan Haselhurst,Essex,80615,32926,6791,6079,7935,2174,0,0,1658,Sir Alan Haselhurst,76035,30155,5288,14913,2228,735,0,0,1050
Salford and Eccles,Rebecca Long-Bailey,Central Manchester,74290,8823,21364,1614,7806,2251,0,0,1403,Hazel Blears,75482,8497,16655,10930,1084,0,0,0,4367
Salisbury,John Glen,Wiltshire,69590,28192,7771,5099,6152,2762,0,0,729,John Glen,67429,23859,3690,17893,1392,506,0,0,1141
Scarborough and Whitby,Robert Goodwill,North Yorkshire,73511,20613,14413,2159,8162,2185,0,0,207,Robert Goodwill,75443,21108,12978,11093,1484,734,0,0,1885
Scunthorpe,Nic Dakin,Humber area,64010,12259,15393,770,6329,887,0,1097,206,Nic Dakin,63089,12091,14640,6774,1686,396,0,0,1447
Sedgefield,Phil Wilson,Durham,62860,11432,18275,1370,6426,1213,0,0,0,Phil Wilson,64727,9445,18141,8033,1479,0,0,0,3124
Sefton Central,Bill Esterson,Merseyside,67746,14513,26359,2086,4879,1184,0,0,0,Bill Esterson,67512,16445,20307,9656,2055,0,0,0,0
Selby and Ainsty,Nigel Adams,North Yorkshire,76082,27725,14168,1920,7389,1465,0,0,137,Nigel Adams,72789,25562,13297,9180,1635,0,0,0,2054
Sevenoaks,Michael Fallon,Kent,70741,28531,6448,3937,8970,2238,0,0,0,Michael Fallon,69591,28076,6541,10561,1782,0,0,0,2448
Sheffield Brightside and Hillsborough,Harry Harpham,South Yorkshire,73090,4407,22663,1802,8856,1712,0,0,613,David Blunkett,68186,4468,21400,7768,1596,0,0,3026,656
Sheffield Central,Paul Blomfield,South Yorkshire,77014,4917,24308,4278,3296,6999,0,0,375,Paul Blomfield,69519,4206,17138,16973,652,1556,0,0,943
Sheffield Hallam,Nick Clegg,South Yorkshire,73658,7544,19862,22215,3575,1772,0,0,513,Nick Clegg,69378,12040,8228,27324,1195,919,0,0,1429
Sheffield Heeley,Louise Haigh,South Yorkshire,69265,6792,20269,4746,7315,2566,0,0,360,Meg Munn,65869,7081,17409,11602,1530,989,0,0,2260
Sheffield South East,Clive Betts,South Yorkshire,70422,7242,21439,2226,9128,1117,0,0,533,Clive Betts,67284,7202,20169,9664,1889,0,0,0,2484
Sherwood,Mark Spencer,Nottinghamshire,73334,22833,18186,1094,7399,1108,0,0,78,Mark Spencer,71043,19211,18997,7283,1490,0,0,0,1973
Shipley,Philip Davies,West Yorkshire,70466,25269,15645,1949,4479,2657,0,0,543,Philip Davies,67689,24002,14058,9890,0,1477,0,0,0
Shrewsbury and Atcham,Daniel Kawczynski,Shropshire,76460,24628,15063,4268,7813,2247,0,0,83,Daniel Kawczynski,75438,23313,10915,15369,1627,565,0,0,1256
Shropshire North,Owen Paterson,Shropshire,78910,27041,10547,3148,9262,2575,0,0,0,Owen Paterson,78926,26692,9406,10864,2432,808,0,0,1667
Sittingbourne and Sheppey,Gordon Henderson,Kent,76018,24425,9673,1563,12257,1185,0,0,275,Gordon Henderson,75354,24313,11930,7943,2610,0,0,0,1782
Skipton and Ripon,Julian Smith,North Yorkshire,76243,30248,9487,4057,7651,3116,0,0,0,Julian Smith,77381,27685,5498,17735,1909,0,0,0,1897
Sleaford and North Hykeham,Stephen Phillips,Lincolnshire,88188,34805,10690,3500,9716,0,0,0,3233,Stephen Phillips,85550,30719,10051,10814,2163,0,0,3806,1977
Slough,Fiona Mactaggart,Berkshire,86366,16085,23421,1275,6274,1220,0,0,0,Fiona Mactaggart,77068,16361,21884,6943,1517,542,0,0,495
Solihull,Julian Knight,Coventry and Solihull,77251,26956,5693,14054,6361,1632,0,0,83,Lorely Burt,77863,23460,4891,23635,1200,0,0,0,1943
Somerset North,Liam Fox,Bristol area,80115,31540,8441,7486,7669,3806,0,0,0,Liam Fox,77304,28549,6448,20687,2257,0,0,0,0
Somerset North East,Jacob Rees-Mogg,Bristol area,69380,25439,12690,4029,6150,2802,0,0,0,Jacob Rees-Mogg,67412,21130,16216,11433,1754,670,0,0,0
Somerton and Frome,David Warburton,Somerset,83527,31960,4419,11692,6439,5434,0,0,365,David Heath,81548,26976,2675,28793,1932,0,0,0,236
South Holland and The Deepings,John Hayes,Lincolnshire,77015,29303,6122,1466,10736,1580,0,0,0,John Hayes,76243,29639,7024,7759,3246,724,0,0,1796
South Shields,Emma Lewell-Buck,Newcastle area,62730,6021,18589,639,7975,1614,0,1427,0,David Miliband,63294,7886,18995,5189,0,0,0,0,4448
Southampton Itchen,Royston Smith,Hampshire,72309,18656,16340,1595,6010,1876,0,0,233,John Denham,74532,16134,16326,9256,1928,600,0,0,168
Southampton Test,Alan Whitehead,Hampshire,70285,14207,18017,2121,5566,2568,0,0,1173,Alan Whitehead,71931,14588,17001,9865,1726,881,0,0,126
Southend West,David Amess,Essex,66876,22175,8154,4129,7803,2083,0,0,165,David Amess,66527,20086,5850,12816,1714,644,0,0,2496
Southport,John Pugh,Merseyside,67328,12330,8468,13652,7429,1230,0,0,992,John Pugh,67202,15683,4116,21707,2251,0,0,0,0
Spelthorne,Kwasi Kwarteng,Surrey,71592,24386,9114,3163,10234,1724,0,0,458,Kwasi Kwarteng,70479,22261,7789,12242,4009,0,0,0,1003
St Albans,Anne Main,Hertfordshire,72507,25392,12660,10076,4271,2034,0,0,0,Anne Main,70058,21533,9288,19228,2028,758,0,0,0
St Austell and Newquay,Steve Double,Cornwall,76607,20250,5150,12077,8503,2318,0,0,2063,Stephen Gilbert,76346,18877,3386,20189,1757,0,0,2007,1022
St Helens North,Conor McGinn,Merseyside,75262,9087,26378,2046,6983,1762,0,0,0,Dave Watts,74985,9940,23041,8992,2100,0,0,0,483
St Helens South and Whiston,Marie Rimmer,Merseyside,77720,7707,28950,2737,6766,2237,0,0,0,Shaun Woodward,77975,8209,24364,10242,1226,0,0,0,2040
St Ives,Derek Thomas,Cornwall,65570,18491,4510,16022,5720,3051,0,0,518,Andrew George,66930,17900,3751,19619,2560,1308,0,0,783
Stafford,Jeremy Lefroy,Staffordshire,68705,23606,14429,1348,6293,1390,0,1701,0,Jeremy Lefroy,70587,22047,16587,8211,1727,564,0,0,1103
Staffordshire Moorlands,Karen Bradley,Staffordshire,63104,21770,11596,1759,6236,1226,0,0,0,Karen Bradley,62071,19793,13104,7338,3580,0,0,0,0
Staffordshire South,Gavin Williamson,Staffordshire,84243,29478,9107,1448,8267,1298,0,0,0,Gavin Williamson,73390,26834,10244,8427,2753,0,0,0,2182
Stalybridge and Hyde,Jonathan Reynolds,Eastern Manchester,69081,11761,18447,1256,7720,1850,0,0,0,Jonathan Reynolds,69037,13445,16189,6965,1342,679,0,0,2259
Stevenage,Stephen McPartland,Hertfordshire,70597,21291,16336,1582,6864,1369,0,0,357,Stephen McPartland,68937,18491,14913,7432,2004,0,0,0,1811
Stockport,Ann Coffey,Eastern Manchester,63931,9710,19771,3034,5206,1753,0,0,175,Ann Coffey,63525,9913,16697,9778,862,677,0,0,1201
Stockton North,Alex Cunningham,Teesside,66126,11069,19436,884,7581,0,0,0,601,Alex Cunningham,67363,10247,16923,6342,1556,0,0,0,4430
Stockton South,James Wharton,Teesside,75109,24221,19175,1366,5480,952,0,0,603,James Wharton,74552,19577,19245,7600,1471,0,0,0,2391
Stoke-on-Trent Central,Tristram Hunt,Staffordshire,62250,7008,12220,1296,7041,1123,0,2120,276,Tristram Hunt,60995,6833,12605,7039,1402,0,0,0,4591
Stoke-on-Trent North,Ruth Smeeth,Staffordshire,72689,10593,15429,1137,9542,1091,0,0,862,Joan Walley,72052,9580,17815,7120,2485,0,0,0,3196
Stoke-on-Trent South,Robert Flello,Staffordshire,68788,12780,15319,1309,8298,1029,0,0,372,Robert Flello,68031,11316,15446,6323,1363,0,0,3762,1642
Stone,William Cash,Staffordshire,67339,25733,9483,2473,7620,1191,0,0,531,William Cash,66979,23890,9770,10598,2481,490,0,0,0
Stourbridge,Margot James,Black Country,69077,21195,14501,1538,7774,1021,0,0,0,Margot James,69637,20153,14989,7733,2103,394,0,0,1862
Stratford-on-Avon,Nadhim Zahawi,Warwickshire,70914,29674,6677,6182,6798,2128,0,0,0,Nadhim Zahawi,69516,26052,4809,14706,1846,527,0,0,2602
Streatham,Chuka Umunna,Lambeth,78673,12540,26474,4491,1602,4421,0,0,405,Chuka Umunna,74531,8578,20037,16778,0,861,0,0,583
Stretford and Urmston,Kate Green,Central Manchester,69490,12916,24601,1362,5068,2187,0,0,252,Kate Green,70091,12886,21821,7601,1508,916,0,0,178
Stroud,Neil Carmichael,Gloucestershire,80522,27813,22947,2086,4848,2779,0,0,346,Neil Carmichael,78305,23679,22380,8955,1301,1542,0,0,116
Suffolk Central and Ipswich North,Daniel Poulter,Suffolk,78782,30317,10173,3314,7459,2664,0,0,162,Daniel Poulter,75848,27125,8636,13339,2361,1452,0,0,507
Suffolk Coastal,Therese Coffey,Suffolk,77537,28855,10013,4777,8655,3294,0,0,0,Therese Coffey,76687,25475,8812,16347,3156,1103,0,0,0
Suffolk South,James Cartlidge,Suffolk,73220,27546,10001,4044,7897,2253,0,0,166,Tim Yeo,72498,24550,7368,15861,3637,0,0,0,0
Suffolk West,Matthew Hancock,Suffolk,76197,25684,8604,2465,10700,1779,0,0,0,Matthew Hancock,74413,24312,7089,11262,3085,0,0,0,2341
Sunderland Central,Julie Elliott,Newcastle area,72933,9780,20959,1105,7997,1706,0,0,215,Julie Elliott,74485,12770,19495,7191,1094,0,0,0,1913
Surrey East,Sam Gyimah,Surrey,79654,32211,6627,5189,9553,2159,0,0,364,Sam Gyimah,76855,31007,4925,14133,3770,0,0,0,805
Surrey Heath,Michael Gove,Surrey,79515,32582,6100,4937,7778,2400,0,0,634,Michael Gove,77690,31326,5552,14037,3432,0,0,0,0
Surrey South West,Jeremy Hunt,Surrey,77050,34199,5415,3586,5643,3105,0,4851,320,Jeremy Hunt,77980,33605,3419,17287,1486,690,0,0,772
Sussex Mid,Nicholas Soames,West Sussex,79520,32268,7982,6604,6898,2453,0,0,1287,Nicholas Soames,77182,28329,3689,20927,1423,645,0,0,842
Sutton and Cheam,Paul Scully,Sutton,69160,20732,5546,16811,5341,1051,0,0,424,Paul Burstow,66658,20548,3376,22156,950,246,0,0,1232
Sutton Coldfield,Andrew Mitchell,Birmingham,74956,27782,11365,2627,7489,1426,0,0,165,Andrew Mitchell,74489,27303,10298,9117,1587,535,0,0,1749
Swindon North,Justin Tomlinson,Wiltshire,81005,26295,14509,1704,8011,1723,0,0,0,Justin Tomlinson,78391,22408,15348,8668,1842,487,0,0,1542
Swindon South,Robert Buckland,Wiltshire,73956,22777,16992,1817,5920,1757,0,0,0,Robert Buckland,72622,19687,16143,8305,2029,619,0,0,336
Tamworth,Christopher Pincher,Staffordshire,71912,23606,12304,1427,8727,1110,0,0,0,Christopher Pincher,72693,21238,15148,7516,2253,0,0,0,235
Tatton,George Osborne,Cheshire,64512,26552,8311,3850,4871,1714,0,0,0,George Osborne,65689,24687,7803,10200,0,0,0,0,2541
Taunton Deane,Rebecca Pow,Somerset,81830,27849,5347,12358,6921,2630,0,2568,214,Jeremy Browne,82537,24538,2967,28531,2114,0,0,0,0
Telford,Lucy Allan,Shropshire,66166,16094,15364,927,7330,930,0,0,0,David Wright,65061,14996,15974,6399,2428,0,0,0,1513
Tewkesbury,Laurence Robertson,Gloucestershire,78500,30176,8204,7629,7128,2207,0,0,0,Laurence Robertson,76655,25472,6253,19162,2230,525,0,0,319
Thanet North,Roger Gale,Kent,70504,23045,8411,1645,12097,1719,0,0,136,Roger Gale,69432,22826,9298,8400,2819,0,0,0,0
Thanet South,Craig Mackinlay,Kent,70182,18838,11740,932,16026,1076,0,0,789,Laura Sandys,71596,22043,14426,6935,2529,0,0,0,0
Thirsk and Malton,Kevin Hollinrake,North Yorkshire,77451,27545,8089,4703,7805,2404,0,0,1819,Anne McIntosh,76231,20167,5169,8886,2502,0,0,0,1418
Thornbury and Yate,Luke Hall,Bristol area,65884,19924,3775,18429,5126,1316,0,0,0,Steve Webb,64092,17916,3385,25032,1709,0,0,0,184
Thurrock,Jackie Doyle-Price,Essex,77569,16692,16156,644,15718,0,0,0,354,Jackie Doyle-Price,77758,16869,16777,4901,3390,0,0,3618,266
Tiverton and Honiton,Neil Parish,Devon,76270,29030,6835,5626,8857,3415,0,0,0,Neil Parish,76810,27614,4907,18294,3277,802,0,0,0
Tonbridge and Malling,Tom Tugendhat,Kent,74877,31887,7604,3660,8153,2366,0,0,0,Sir John Stanley,71790,29723,6476,11545,1911,764,0,0,895
Tooting,Sadiq Khan,Wandsworth,76778,22421,25263,2107,1537,2201,0,0,0,Sadiq Khan,73836,19514,22038,7509,624,609,0,0,361
Torbay,Kevin Foster,Devon,76259,19551,4166,16265,6540,1557,0,0,0,Adrian Sanders,76151,19048,3231,23126,2628,468,0,0,709
Totnes,Sarah Wollaston,Devon,68630,24941,5988,4667,6656,4845,0,0,0,Sarah Wollaston,67937,21940,3538,17013,2890,1181,0,0,1281
Tottenham,David Lammy,Haringey,70809,5090,28654,1756,1512,3931,0,1324,291,David Lammy,69933,6064,24128,7197,466,980,0,0,1852
Truro and Falmouth,Sarah Newton,Cornwall,73601,22681,7814,8681,5967,4483,0,0,1918,Sarah Newton,70598,20349,4697,19914,1911,858,0,0,1039
Tunbridge Wells,Greg Clark,Kent,73429,30181,7307,4342,6481,2659,0,0,458,Greg Clark,72042,28302,5448,12726,2054,914,0,0,876
Twickenham,Tania Mathias,Richmond Upon Thames,80242,25580,7129,23563,3069,2463,0,0,200,Vincent Cable,79861,20343,4583,32483,868,674,0,0,770
Tynemouth,Alan Campbell,Newcastle area,77523,17551,25791,1595,6541,2017,0,0,0,Alan Campbell,75680,18121,23860,7845,900,538,0,0,1404
Tyneside North,Mary Glindon,Newcastle area,79286,8997,26191,2075,7618,1442,0,0,495,Mary Glindon,77690,8514,23505,10621,1306,0,0,0,2459
Uxbridge and South Ruislip,Boris Johnson,Hillingdon,70634,22511,11816,2215,6346,1414,0,0,509,John Randall,71168,21758,10542,8995,1234,477,0,0,2070
Vauxhall,Kate Hoey,Lambeth,81698,13070,25778,3312,1385,3658,0,0,738,Kate Hoey,74811,9301,21498,10847,0,708,0,0,837
Wakefield,Mary Creagh,West Yorkshire,70521,14688,17301,1483,7862,1069,0,0,570,Mary Creagh,70834,15841,17454,7256,0,873,0,0,3020
Wallasey,Angela Eagle,Merseyside,65495,9828,26176,1011,5063,1288,0,0,0,Angela Eagle,65915,13071,21578,5693,1205,0,0,0,107
Walsall North,David Winnick,Black Country,67080,12455,14392,840,8122,529,0,0,554,David Winnick,65183,12395,13385,4754,1737,0,0,2930,986
Walsall South,Valerie Vaz,Black Country,67743,13733,19740,676,6540,1149,0,0,0,Valerie Vaz,64830,14456,16211,5880,3449,0,0,0,886
Walthamstow,Stella Creasy,Waltham Forest,67289,5584,28779,1661,2507,2661,0,0,604,Stella Creasy,64625,5734,21252,11774,823,767,0,0,644
Wansbeck,Ian Lavery,Northumberland,63273,8386,19267,2407,7014,1454,0,0,0,Ian Lavery,63045,6714,17548,10517,974,601,0,0,1919
Wantage,Ed Vaizey,Oxfordshire,83516,31092,9343,7611,7288,2986,0,0,0,Ed Vaizey,80456,29284,7855,15737,2421,1044,0,0,0
Warley,John Spellar,Black Country,63740,7310,22012,805,6237,1465,0,0,0,John Spellar,63106,9484,20240,5929,2617,0,0,0,0
Warrington North,Helen Jones,Cheshire,72632,12797,21720,1881,7757,1264,0,0,0,Helen Jones,71601,13364,20135,9196,0,0,0,0,1516
Warrington South,David Mowat,Cheshire,85566,25928,23178,3335,4909,1765,0,0,238,David Mowat,80506,19641,18088,15094,1624,427,0,0,0
Warwick and Leamington,Chris White,Warwickshire,71750,24249,17643,2512,4183,1994,0,0,0,Chris White,67800,20876,17363,8977,926,693,0,0,197
Warwickshire North,Craig Tracey,Warwickshire,70152,20042,17069,978,8256,894,0,0,138,Dan Byles,70143,18993,18939,5481,1335,0,0,0,2517
Washington and Sunderland West,Sharon Hodgson,Newcastle area,68188,7033,20478,993,7321,1091,0,0,341,Sharon Hodgson,68910,8157,19615,6382,1267,0,0,0,1913
Watford,Richard Harrington,Hertfordshire,84270,24400,14606,10152,5481,1332,0,0,178,Richard Harrington,80798,19291,14750,17866,1199,885,0,0,1217
Waveney,Peter Aldous,Suffolk,80171,22104,19696,1055,7580,1761,0,0,0,Peter Aldous,78532,20571,19802,6811,2684,1167,0,0,106
Wealden,Nus Ghani,East Sussex,80252,32508,6165,5180,9541,3623,0,0,0,Charles Hendry,76537,31090,5266,13911,3319,1383,0,0,0
Weaver Vale,Graham Evans,Cheshire,68407,20227,19421,1395,4547,1183,0,0,94,Graham Evans,66538,16953,15962,8196,1018,338,0,0,1523
Wellingborough,Peter Bone,Northamptonshire,77127,26265,9839,2240,9868,2218,0,0,0,Peter Bone,76857,24918,13131,8848,1636,480,0,0,2648
Wells,James Heappey,Somerset,79405,26247,3780,18662,5644,2331,0,0,240,Tessa Munt,79432,23760,4198,24560,1711,631,0,0,1004
Welwyn Hatfield,Grant Shapps,Hertfordshire,73264,25281,13128,3140,6556,1742,0,0,358,Grant Shapps,72058,27894,10471,8010,1643,796,0,0,158
Wentworth and Dearne,John Healey,South Yorkshire,74283,6441,24571,1135,10733,0,0,0,309,John Healey,72586,7396,21316,6787,3418,0,0,0,3189
West Bromwich East,Tom Watson,Black Country,63641,9347,18817,751,7949,628,0,0,0,Tom Watson,62824,10961,17657,4993,984,0,0,0,3355
West Bromwich West,Adrian Bailey,Black Country,65533,8365,16578,550,8836,697,0,0,0,Adrian Bailey,65013,10612,16263,4336,1566,0,0,3394,0
West Ham,Lyn Brown,Newham,90634,8146,36132,1430,3950,2651,0,0,484,Lyn Brown,85313,6888,29422,5392,766,645,0,0,3838
Westminster North,Karen Buck,City of Westminster,62346,16527,18504,1457,1489,1322,0,0,215,Karen Buck,66739,15251,17377,5513,315,478,0,0,664
Westmorland and Lonsdale,Tim Farron,Cumbria,65857,16245,2661,25194,3031,1798,0,0,0,Tim Farron,67881,18632,1158,30896,801,0,0,0,0
Weston-Super-Mare,John Penrose,Bristol area,79493,25203,9594,5486,9366,2592,0,0,311,John Penrose,78487,23356,5772,20665,1406,0,0,0,1517
Wigan,Lisa Nandy,Western Manchester,76068,9389,23625,1255,8818,1273,0,0,933,Lisa Nandy,75564,10917,21404,6797,2516,0,0,0,2506
Wiltshire North,James Gray,Wiltshire,67858,28938,4930,7892,5813,2350,0,0,633,James Gray,66313,25114,3239,17631,1908,599,0,0,208
Wiltshire South West,Andrew Murrison,Wiltshire,73030,27198,6948,5482,9030,2985,0,0,0,Andrew Murrison,71645,25321,5613,14954,2684,0,0,0,446
Wimbledon,Stephen Hammond,Merton,65853,25225,12606,6129,2476,1986,0,0,0,Stephen Hammond,65723,23257,10550,11849,914,590,0,0,235
Winchester,Steve Brine,Hampshire,74119,30425,4613,13511,4122,2645,0,0,0,Steve Brine,73806,27155,3051,24107,1139,0,0,0,503
Windsor,Adam Afriyie,Berkshire,68797,31797,6714,4323,4992,1834,0,0,500,Adam Afriyie,69511,30172,4910,11118,1612,628,0,0,1148
Wirral South,Alison McGovern,Merseyside,56956,15566,20165,1474,3737,895,0,0,0,Alison McGovern,56099,15745,16276,6611,1274,0,0,0,0
Wirral West,Margaret Greenwood,Merseyside,55377,18481,18898,1433,2772,0,0,0,274,Esther McVey,55050,16726,14290,6630,899,0,0,0,827
Witham,Priti Patel,Essex,67090,27123,7467,2891,7569,2038,0,0,80,Priti Patel,66750,24448,8656,9252,3060,1419,0,0,0
Witney,David Cameron,Oxfordshire,79767,35201,10046,3953,5352,2970,0,0,960,David Cameron,78766,33973,7511,11233,2001,2385,0,0,666
Woking,Jonathan Lord,Surrey,74287,29199,8389,6047,5873,2109,0,0,347,Jonathan Lord,73838,26551,4246,19744,1997,0,0,0,248
Wokingham,John Redwood,Berkshire,77881,32329,8132,7572,5516,2092,0,0,358,John Redwood,76219,28754,5516,15262,1664,567,0,0,2765
Wolverhampton North East,Emma Reynolds,Black Country,61073,10174,15669,935,6524,701,0,0,0,Emma Reynolds,59324,11964,14448,4711,1138,0,0,0,2633
Wolverhampton South East,Pat McFadden,Black Country,62561,7761,18539,798,7061,605,0,0,0,Pat McFadden,60450,9912,16505,5277,2675,0,0,0,338
Wolverhampton South West,Rob Marris,Black Country,60375,16573,17374,845,4310,1058,0,0,49,Paul Uppal,59160,16344,15653,6430,1487,0,0,0,246
Worcester,Robin Walker,Hereford and Worcestershire,71003,22534,16888,1677,6378,2024,0,0,222,Robin Walker,72831,19358,16376,9525,1360,735,0,0,1620
Worcestershire Mid,Nigel Huddleston,Hereford and Worcestershire,73069,29763,7548,3750,9231,1933,0,0,0,Peter Luff,72171,27770,7613,11906,3049,593,0,0,0
Worcestershire West,Harriett Baldwin,Hereford and Worcestershire,73415,30342,7244,5245,7764,3505,0,0,0,Harriett Baldwin,73270,27213,3661,20459,2119,641,0,0,0
Workington,Sue Hayman,Cumbria,58672,11596,16282,1708,7538,1149,0,0,190,Tony Cunningham,59607,13290,17865,5318,876,0,0,0,1910
Worsley and Eccles South,Barbara Keeley,Central Manchester,72174,12654,18600,1100,7688,1242,0,0,764,Barbara Keeley,72473,13555,17892,6883,2037,0,0,0,1334
Worthing East and Shoreham,Tim Loughton,West Sussex,74272,24686,9737,3360,8267,2605,0,0,1243,Tim Loughton,74001,23458,8087,12353,2984,1126,0,0,389
Worthing West,Peter Bottomley,West Sussex,75617,26124,7955,4477,9269,2938,0,0,0,Peter Bottomley,75945,25416,5800,13687,2924,996,0,0,300
"Wrekin, The",Mark Pritchard,Shropshire,65942,22579,11836,1959,7620,1443,0,0,0,Mark Pritchard,65544,21922,12472,8019,2050,0,0,0,1505
Wycombe,Steven Baker,Buckinghamshire,76371,26444,11588,4546,5198,3086,0,0,577,Steven Baker,74502,23423,8326,13863,2123,0,0,0,416
Wyre and Preston North,Ben Wallace,Lancashire,70697,26528,12377,2712,6577,1699,0,0,0,Ben Wallace,71201,26877,10932,11033,2466,0,0,0,0
Wyre Forest,Mark Garnier,Hereford and Worcestershire,77451,22394,9523,1228,7967,1117,0,7211,0,Mark Garnier,76711,18793,7298,6040,1498,0,0,16150,1120
Wythenshawe and Sale East,Mike Kane,Central Manchester,75980,11124,21693,1927,6354,1658,0,0,507,Paul Goggins,79923,10412,17987,9107,1405,0,0,0,1840
Yeovil,Marcus Fysh,Somerset,82446,24178,4053,18865,7646,2191,0,0,0,David Laws,82314,18807,2991,31843,2357,0,0,0,1162
York Central,Rachael Maskell,North Yorkshire,75351,13496,20212,3804,4795,4791,0,0,579,Hugh Bayley,74908,12122,18573,11694,1100,1669,0,0,1325
York Outer,Julian Sturdy,North Yorkshire,78561,26477,13348,6269,5251,2558,0,0,0,Julian Sturdy,74965,22912,9108,19224,1100,0,0,0,956
Yorkshire East,Greg Knight,Humber area,81030,25276,10343,2966,8955,1731,0,0,720,Greg Knight,80342,24328,10401,10842,2142,762,0,0,2779
Aberavon,Stephen Kinnock,West Glamorgan,49821,3742,15416,1397,4971,711,3663,1137,486,Hywel Francis,50789,4411,16073,5034,489,0,2198,1276,1477
Aberconwy,Guto Bebb,Clwyd,45540,12513,8514,1391,3467,727,3536,0,0,Guto Bebb,44593,10734,7336,5786,632,0,5341,0,137
Alyn and Deeside,Mark Tami,Clwyd,62016,13197,16540,1733,7260,976,1608,0,0,Mark Tami,60931,12885,15804,7308,1009,0,1549,1368,0
Arfon,Hywel Williams,Gwynedd,40492,3521,8122,718,2277,0,11790,0,409,Hywel Williams,41198,4416,7928,3666,685,0,9383,0,0
Blaenau Gwent,Nick Smith,Gwent,51332,3419,18380,620,5677,738,2849,0,0,Nick Smith,52438,2265,16974,3285,488,0,1333,6458,1592
Brecon and Radnorshire,Christopher Davies,Powys,54311,16453,5904,11351,3338,1261,1767,0,0,Roger Williams,53589,14182,4096,17929,876,341,989,0,432
Bridgend,Madeleine Moon,Mid Glamorgan,59998,12697,14624,1648,5911,736,2784,763,290,Madeleine Moon,58700,11668,13931,8658,801,0,2269,1020,0
Caerphilly,Wayne David,Gwent,62793,6683,17864,935,7791,937,5895,0,178,Wayne David,62134,6622,17377,5688,910,0,6460,1635,0
Cardiff Central,Jo Stevens,South Glamorgan,57454,5674,15462,10481,2499,2461,1925,0,144,Jenny Willott,61162,7799,10400,14976,765,575,1246,0,390
Cardiff North,Craig Williams,South Glamorgan,67193,21709,19572,1953,3953,1254,2301,0,409,Jonathan Evans,65553,17860,17666,8724,1130,362,1588,0,300
Cardiff South and Penarth,Stephen Doughty,South Glamorgan,75714,12513,19966,2318,6423,1746,3443,0,258,Alun Michael,73704,12553,17262,9875,1145,554,1851,0,1129
Cardiff West,Kevin Brennan,South Glamorgan,66758,11014,17803,2069,4923,1704,6096,0,183,Kevin Brennan,62787,12143,16894,7186,1117,750,2868,0,0
Carmarthen East and Dinefwr,Jonathan Edwards,Dyfed,55750,8336,9541,928,4363,1091,15140,0,0,Jonathan Edwards,52385,8506,10065,4609,1285,0,13546,0,0
Carmarthen West and Pembrokeshire South,Simon Hart,Dyfed,57755,17626,11572,963,4698,1290,4201,0,0,Simon Hart,57519,16649,13226,4890,1146,0,4232,0,364
Ceredigion,Mark Williams,Dyfed,54215,4123,3615,13414,3829,2088,10347,0,0,Mark Williams,59043,4421,2210,19139,977,696,10815,0,0
Clwyd South,Susan Elan Jones,Clwyd,54996,10649,13051,1349,5480,915,3620,0,0,Susan Elan Jones,53748,10477,13311,5965,819,0,3009,1100,0
Clwyd West,David Jones,Clwyd,58657,16463,9733,1387,4988,0,4651,0,806,David Jones,57913,15833,9414,5801,864,0,5864,0,335
Cynon Valley,Ann Clwyd,Mid Glamorgan,51421,3676,14532,830,4976,799,5126,0,533,Ann Clwyd,50656,3010,15681,4120,1001,0,6064,0,0
Delyn,David Hanson,Clwyd,53639,12257,15187,1380,6150,680,1803,0,0,David Hanson,53470,12811,15083,5747,655,0,1844,844,0
Dwyfor Meirionnydd,Liz Saville Roberts,Gwynedd,44395,6550,3904,1153,3126,981,11811,1388,0,Elfyn Llwyd,45354,6447,4021,3538,776,0,12814,1310,0
Gower,Byron Davies,West Glamorgan,61820,15862,15835,1552,4773,1161,3051,0,524,Martin Caton,61696,13333,16016,7947,652,0,2760,963,0
Islwyn,Christopher Evans,Gwent,55075,5366,17336,950,6932,659,3794,0,364,Christopher Evans,54826,4854,17069,3597,936,0,4518,1495,2221
Llanelli,Nia Griffith,Dyfed,59314,5534,15948,751,6269,689,8853,0,530,Nia Griffith,55637,5381,15916,3902,1047,0,11215,0,0
Merthyr Tydfil and Rhymney,Gerald Jones,Mid Glamorgan,61719,3292,17619,1351,6106,603,3099,459,186,Dai Havard,54715,2412,14007,9951,872,0,1621,1845,1368
Monmouth,David Davies,Gwent,65706,23701,12719,2496,4942,1629,1875,0,100,David Davies,62768,22466,12041,9026,1126,587,1273,0,0
Montgomeryshire,Glyn Davies,Powys,48491,15204,1900,9879,3769,1260,1745,0,0,Glyn Davies,48730,13976,2407,12792,1128,0,2802,0,708
Neath,Christina Rees,West Glamorgan,56099,5691,16270,1173,6094,1185,6722,0,0,Peter Hain,57186,4847,17172,5535,829,0,7397,1342,0
Newport East,Jessica Morden,Gwent,56018,9585,14290,2251,6466,887,1231,0,398,Jessica Morden,54437,7918,12744,11094,677,0,724,1168,123
Newport West,Paul Flynn,Gwent,62145,13123,16633,1581,6134,1272,1604,0,0,Paul Flynn,62111,12845,16389,6587,1144,450,1122,1183,0
Ogmore,Huw Irranca-Davies,Mid Glamorgan,55320,5620,18663,1072,5420,754,3556,0,165,Huw Irranca-Davies,55527,5398,18644,5260,780,0,3326,1242,0
Pontypridd,Owen Smith,Mid Glamorgan,58929,6569,15554,4904,5085,992,4348,0,430,Owen Smith,58219,5932,14220,11435,1229,361,2673,0,821
Preseli Pembrokeshire,Stephen Crabb,Dyfed,57291,16383,11414,780,4257,1452,2518,3729,23,Stephen Crabb,57419,16944,12339,5759,906,0,3654,0,0
Rhondda,Chris Bryant,Mid Glamorgan,51809,2116,15976,474,3998,453,8521,0,0,Chris Bryant,51554,1993,17183,3309,358,0,5630,2599,0
Swansea East,Carolyn Harris,West Glamorgan,58011,5142,17807,1392,5779,0,3498,0,0,Sian James,59823,4823,16819,5981,839,318,2181,1715,0
Swansea West,Geraint Davies,West Glamorgan,58776,7931,14967,3178,4744,1784,2266,0,286,Geraint Davies,61334,7407,12335,11831,716,404,1437,910,553
Torfaen,Nick Thomas-Symonds,Gwent,61896,8769,16938,1271,7203,746,2169,697,144,Paul Murphy,61178,7541,16847,6264,862,438,2005,1657,2026
Vale of Clwyd,James Davies,Clwyd,56505,13760,13523,915,4577,0,2486,0,0,Chris Ruane,55781,12508,15017,4472,515,0,2068,827,127
Vale of Glamorgan,Alun Cairns,South Glamorgan,72187,23607,16727,1309,5489,1054,2869,0,238,Alun Cairns,70262,20341,16034,7403,1529,457,2667,0,236
Wrexham,Ian Lucas,Clwyd,50992,10350,12181,1735,5072,669,2501,0,211,Ian Lucas,50872,8375,12161,8503,774,0,2029,1134,0
Ynys Mon,Albert Owen,Gwynedd,49944,7393,10871,751,5121,0,10642,0,148,Albert Owen,50075,7744,11490,2592,1201,0,9029,2225,163
Aberdeen North,Kirsty Blackman,Grampian,67745,5304,11397,2050,0,0,24793,0,392,Frank Doran,64808,4666,16746,7001,0,0,8385,0,903
Aberdeen South,Callum McCaig,Grampian,68056,11087,12991,2252,897,964,20221,0,139,Anne Begg,64031,8914,15722,12216,0,413,5102,0,667
Aberdeenshire West and Kincardine,Stuart Donaldson,Grampian,73445,15916,2487,11812,1006,885,22949,0,141,Sir Robert Smith,66110,13678,6159,17362,397,0,7086,0,513
Airdrie and Shotts,Neil Gray,Glasgow area,66715,3389,15108,678,1088,0,23887,0,136,Pamela Nash,62364,3133,20849,2898,0,0,8441,0,528
Angus,Michael Weir,Tayside,65792,12900,3919,1216,1355,965,24130,0,0,Michael Weir,62863,11738,6535,4090,577,0,15020,0,0
Argyll and Bute,Brendan O'Hara,Argyll and Bute,68875,7733,5394,14486,1311,0,22959,0,0,Alan Reid,67165,10861,10274,14292,0,789,8563,0,428
Ayr Carrick and Cumnock,Corri Wilson,Ayrshire and Lanark,72985,10355,14227,855,1280,0,25492,0,0,Sandra Osborne,73320,11721,21632,4264,0,0,8276,0,0
Ayrshire Central,Philippa Whitford,Ayrshire and Lanark,69982,8803,13410,917,0,645,26999,0,0,Brian Donohoe,68352,8943,20950,5236,0,0,8364,0,422
Ayrshire North and Arran,Patricia Gibson,Ayrshire and Lanark,75772,7968,15068,896,1296,0,28641,0,0,Katy Clark,74953,7212,21860,4630,0,0,11965,0,449
Banff and Buchan,Eilidh Whiteford,Grampian,68609,13148,2647,2347,0,0,27487,0,0,Eilidh Whiteford,64300,11841,5382,4365,0,0,15868,0,1010
"Berwickshire, Roxburgh and Selkirk",Calum Kerr,Borders,74179,19817,2700,10294,1316,631,20145,0,135,Michael Moore,73826,16555,5003,22230,595,0,4497,0,134
Caithness Sutherland and Easter Ross,Paul Monaghan,Highland,47558,2326,3061,11987,981,0,15831,0,0,John Thurso,47257,3744,7081,11907,0,0,5516,0,520
"Coatbridge, Chryston and Bellshill",Philip Boswell,Glasgow area,73813,3209,17195,549,1049,0,28696,0,0,Tom Clarke,70067,3374,27728,3519,0,0,7014,0,0
"Cumbernauld, Kilsyth and Kirkintilloch East",Stuart McDonald,Glasgow area,67009,3891,14820,1099,0,0,29572,0,0,Gregg McClymont,64037,3407,23549,3924,0,0,9794,0,476
Dumfries and Galloway,Richard Arkless,Dumfries and Galloway,75249,16926,13982,953,1301,0,23440,0,0,Russell Brown,74581,16501,23950,4608,695,0,6419,0,0
"Dumfriesshire, Clydesdale and Tweeddale",David Mundell,Dumfries and Galloway,68483,20759,7711,1392,1472,839,19961,0,0,David Mundell,66627,17457,13263,9080,637,510,4945,0,0
Dunbartonshire East,John Nicolson,Glasgow area,66966,4727,6754,19926,567,804,22093,0,0,Jo Swinson,63795,7431,16367,18551,545,0,5054,0,0
Dunbartonshire West,Martin Docherty,Glasgow area,69193,3597,16027,816,0,0,30198,0,503,Gemma Doyle,66085,3242,25905,3434,683,0,8497,0,505
Dundee East,Stewart Hosie,Tayside,66960,7206,9603,1387,0,895,28765,0,329,Stewart Hosie,65471,6177,13529,4285,431,542,15350,0,254
Dundee West,Chris Law,Tayside,66287,3852,10592,1057,0,1225,27684,0,304,James McGovern,63013,3461,17994,4233,0,0,10716,0,722
Dunfermline and West Fife,Douglas Chapman,Fife,78037,6623,17744,2232,0,1195,28096,0,0,Thomas Docherty,73769,3305,22639,17169,633,0,5201,0,0
"East Kilbride, Strathaven and Lesmahagow",Lisa Cameron,Ayrshire and Lanark,83071,7129,17151,1042,1221,0,33678,0,318,Michael McCann,76534,6613,26241,5052,0,1003,11738,0,299
East Lothian,George Kerevan,Edinburgh area,79481,11511,18301,1517,1178,1245,25104,0,158,Fiona O'Donnell,73438,9661,21919,8288,548,862,7883,0,0
Edinburgh East,Tommy Sheppard,Edinburgh area,66178,4670,14082,1325,898,2809,23188,0,117,Sheila Gilmore,60941,4358,17314,7751,0,2035,8133,0,274
Edinburgh North and Leith,Deidre Brock,Edinburgh area,80978,9378,18145,2634,847,3140,23742,0,122,Mark Lazarowicz,69204,7079,17740,16016,0,1062,4568,0,891
Edinburgh South,Ian Murray,Edinburgh area,65846,8626,19293,1823,601,2090,16656,0,197,Ian Murray,59354,9452,15215,14899,0,881,3354,0,0
Edinburgh South West,Joanna Cherry,Edinburgh area,72178,10444,14033,1920,1072,1965,22168,0,0,Alistair Darling,66359,11026,19473,8194,0,872,5530,0,367
Edinburgh West,Michelle Thomson,Edinburgh area,71749,6732,6425,18168,1015,1140,21378,0,0,Michael Crockart,65161,10767,12881,16684,0,0,6115,0,0
Falkirk,John McNally,Central,83380,7325,15130,1225,1829,0,34831,0,0,Eric Joyce,81869,5698,23207,5225,1283,0,15364,0,0
Fife North East,Stephen Gethins,Fife,62003,7373,3476,14179,0,1387,18523,0,325,Sir Menzies Campbell,62969,8715,6869,17763,1032,0,5685,0,0
Glasgow Central,Alison Thewliss,Glasgow area,70945,2359,12996,612,786,1559,20658,0,348,Anas Sarwar,60062,2158,15908,5010,246,800,5357,0,1101
Glasgow East,Natalie McGarry,Glasgow area,70378,2544,13729,318,1105,381,24116,0,224,Margaret Curran,61516,1453,19797,1617,209,0,7957,677,454
Glasgow North,Patrick Grady,Glasgow area,58875,2901,10315,1012,486,2284,19610,0,314,Ann McKechin,51416,2089,13181,9283,0,947,3530,0,583
Glasgow North East,Anne McLaughlin,Glasgow area,66678,1769,12754,300,0,615,21976,225,218,Willie Bain,59859,1569,20100,2262,0,0,4158,798,522
Glasgow North West,Carol Monaghan,Glasgow area,68418,3692,13544,1194,0,1167,23908,0,349,John Robertson,60968,3537,19233,5622,0,882,5430,0,878
Glasgow South,Stewart McDonald,Glasgow area,74051,4752,14504,1019,0,1431,26773,0,299,Tom Harris,65029,4592,20736,4739,0,961,8078,0,988
Glasgow South West,Christopher Stephens,Glasgow area,66209,2036,13438,406,970,507,23388,0,176,Ian Davidson,58182,2084,19863,2870,0,0,5192,0,1772
Glenrothes,Peter Grant,Fife,69781,3685,14562,892,0,0,28459,0,0,Lindsay Roy,67893,2922,25247,3108,425,0,8799,0,0
Gordon,Alex Salmond,Grampian,79393,6807,3441,19030,1166,0,27717,0,0,Malcolm Bruce,73420,9111,9811,17575,0,752,10827,0,699
Inverclyde,Ronnie Cowan,Glasgow area,59350,4446,13522,1106,715,0,24585,0,233,David Cairns,59209,4502,20993,5007,433,0,6577,0,0
Inverness Nairn Badenoch and Strathspey,Drew Hendry,Highland,77268,3410,4311,18029,1236,1367,28838,0,422,Danny Alexander,72528,6278,10407,19172,574,789,8803,0,1063
Kilmarnock and Loudoun,Alan Brown,Ayrshire and Lanark,75233,6752,16362,789,0,0,30000,0,0,Cathy Jamieson,74131,6592,24460,3419,0,0,12082,0,0
Kirkcaldy and Cowdenbeath,Roger Mullin,Fife,75941,5223,17654,1150,1237,0,27628,0,0,Gordon Brown,73665,4258,29559,4269,760,0,6550,0,406
Lanark and Hamilton East,Angela Crawley,Ayrshire and Lanark,78846,8772,16876,1203,1431,0,26976,0,0,Jimmy Hood,74773,6981,23258,5249,616,0,9780,0,670
Linlithgow and East Falkirk,Martyn Day,Edinburgh area,86955,7384,19121,1252,1682,0,32055,0,103,Michael Connarty,80907,6146,25634,6589,0,0,13081,0,0
Livingston,Hannah Bardell,Edinburgh area,82373,5929,15893,1232,1757,0,32736,0,0,Graeme Morrice,75924,5158,23215,5316,443,0,12424,0,1351
Midlothian,Owen Thompson,Edinburgh area,67875,5760,14594,1132,1173,1219,24453,0,0,David Hamilton,61387,4661,18449,6711,364,595,8100,0,362
Moray,Angus Robertson,Grampian,71685,15319,4898,1395,1939,1345,24384,0,0,Angus Robertson,65925,10683,7007,5956,1085,0,16273,0,0
Motherwell and Wishaw,Marion Fellows,Glasgow area,70269,3695,15377,601,1289,0,27275,0,0,Frank Roy,66918,3660,23910,3840,0,0,7104,0,609
Na h-Eileanan An Iar (Western Isles),Angus MacNeil,Western Isles,21744,1215,4560,456,0,0,8662,1045,0,Angus MacNeil,22266,647,4838,1097,0,0,6723,1412,0
Ochil and South Perthshire,Tasmina Ahmed-Sheikh,Central,77370,11987,16452,1481,1331,0,26620,0,0,Gordon Banks,75115,10342,19131,5754,689,609,13944,0,0
Orkney and Shetland,Alistair Carmichael,Orkney and Shetland,34551,2025,1624,9407,1082,0,8590,0,0,Alistair Carmichael,33085,2032,2061,11989,1222,0,2042,0,0
Paisley and Renfrewshire North,Gavin Newlands,Glasgow area,66206,6183,16525,1055,0,703,25601,0,395,James Sheridan,63704,6381,23613,4597,0,0,8333,0,783
Paisley and Renfrewshire South,Mhairi Black,Glasgow area,61281,3526,17864,1010,0,0,23548,0,278,Douglas Alexander,61197,3979,23842,3812,0,0,7228,0,1137
Perth and North Perthshire,Peter Wishart,Tayside,72447,17738,4413,2059,1110,1146,27379,0,355,Peter Wishart,72141,14739,7923,5954,0,0,19118,0,534
Renfrewshire East,Kirsten Oswald,Glasgow area,69982,12465,19295,1069,888,0,23013,0,0,Jim Murphy,66249,15567,25987,4720,372,0,4535,0,0
Ross Skye and Lochaber,Ian Blackford,Highland,54169,2598,2043,14995,814,1051,20119,0,191,Charles Kennedy,51836,4260,5265,18335,659,777,5263,0,279
Rutherglen and Hamilton West,Margaret Ferrier,Ayrshire and Lanark,82701,4350,20304,1045,1301,0,30279,0,336,Tom Greatrex,76408,4540,28566,5636,675,0,7564,0,0
Stirling,Steven Paterson,Central,67236,12051,13303,1392,0,1606,23783,0,0,Anne McGuire,66080,11254,19558,6797,395,746,8091,0,0
Antrim East,Sammy Wilson,Antrim,62810,6308,1639,12103,3660,0,2314,5021,2452,Sammy Wilson,60204,7223,2019,13993,0,0,2064,3377,1826
Antrim North,Ian Paisley Jr,Antrim,75874,5054,2925,18107,1341,0,5143,6561,2776,Ian Paisley Jr,73338,4634,3738,19672,0,0,5265,7114,1974
Antrim South,Danny Kinahan,Antrim,67423,11942,2990,10993,0,0,4699,3576,2323,Rev William McCrea,63054,10353,2955,11536,0,0,4729,2607,1829
Belfast East,Gavin Robinson,Antrim,63154,0,127,19575,0,1058,823,16978,1121,Naomi Long,59007,7305,365,11306,0,0,817,12839,1856
Belfast North,Nigel Dodds,Antrim,68552,0,3338,19096,0,0,13770,2941,1448,Nigel Dodds,65504,2837,4544,14812,0,0,12588,1809,403
Belfast South,Dr Alasdair McDonnell,Antrim,64912,3549,9560,8654,1900,2238,5402,6711,943,Dr Alasdair McDonnell,59524,5910,14026,8100,0,1036,0,5114,0
Belfast West,Paul Maskey,Antrim,62685,1088,3475,2773,765,0,19163,6798,1267,Gerry Adams,59522,1000,5261,2436,0,0,22840,596,0
Down North,Lady Sylvia Hermon,Down,64207,0,355,8487,1482,1958,273,17689,5703,Lady Sylvia Hermon,60698,6817,680,0,0,1043,250,21181,3510
Down South,Margaret Ritchie,Down,75215,3964,18077,3486,3044,0,12186,1622,318,Margaret Ritchie,70784,3093,20648,3645,0,901,12236,1506,560
Fermanagh and South Tyrone,Tom Elliott,Fermanagh,70106,23608,2732,0,0,788,23078,0,658,Michelle Gildernew,67908,0,3574,0,0,0,21304,21300,625
Foyle,Mark Durkan,Londonderry,70035,1226,17725,4573,832,0,11679,835,132,Mark Durkan,65843,1221,16922,4489,0,0,12098,2936,223
Lagan Valley,Jeffrey Donaldson,Antrim,71140,6055,2500,19055,2200,0,1144,5544,3297,Jeffrey Donaldson,65257,7713,1835,18199,0,0,1465,4174,3154
Londonderry East,Gregory Campbell,Londonderry,66925,5333,4268,14663,0,0,6859,2642,949,Gregory Campbell,63220,6218,5399,12097,0,0,6742,2572,1922
Newry and Armagh,Mickey Brady,Armagh,77622,16312,12026,0,0,0,20488,0,1051,Conor Murphy,74308,8558,10526,5764,0,0,18857,545,656
Strangford,Jim Shannon,Down,64286,4868,2335,15053,2237,0,876,4687,3868,Jim Shannon,60539,9050,2164,14926,0,562,1161,2828,1814
Tyrone West,Pat Doherty,Tyrone,63854,6144,6444,6747,0,780,16807,869,863,Pat Doherty,61148,5281,5212,7365,0,0,18050,859,508
Ulster Mid,Francie Molloy,Tyrone,67831,6318,5055,5465,863,0,19935,1892,1394,Martin McGuinness,64594,4509,5826,5876,0,0,21239,2995,397
Upper Bann,David Simpson,Armagh,80052,13166,4238,15430,0,0,11593,1780,1012,Thomas Simpson,74732,10639,5276,14000,0,0,10237,1231,0